Archaea;(Archaea)	Aply21_def_6	3
Archaea;(Archaea)	Aply22_def_6	5
Archaea;(Archaea)	Aply23_def_6	1
Archaea;(Archaea)	Cr50_def_6	9
Archaea;(Archaea)	Cr90_def_6	138
Archaea;(Archaea)	Dys1_2_def_6	2
Archaea;(Archaea)	Dys2_1_def_6	4
Archaea;(Archaea)	Pf12_def_6	1
Archaea;(Archaea)	gb10_f_def_6	31
Archaea;(Archaea)	gb1_f_def_6	54
Archaea;(Archaea)	gb278_def_6	2
Archaea;(Archaea)	gb2_f_def_6	40
Archaea;(Archaea)	gb305_def_6	6
Archaea;(Archaea)	gb3_f_def_6	54
Archaea;(Archaea)	gb5_6_f_def_6	21
Archaea;(Archaea)	gb9_f_def_6	33
Archaea;(Archaea)	sw_7def_6	1
Archaea;(Archaea)	sw_8def_6	3
Archaea;(Archaea)	sw_9def_6	1
Archaea;Aenigmarchaeota	Aply22_def_6	5
Archaea;Aenigmarchaeota	Aply23_def_6	1
Archaea;Aenigmarchaeota	Cr90_def_6	61
Archaea;Aenigmarchaeota	Dys1_1_def_6	3
Archaea;Aenigmarchaeota	Dys1_2_def_6	10
Archaea;Aenigmarchaeota	Dys2_1_def_6	2
Archaea;Aenigmarchaeota	Pf10_def_6	23
Archaea;Aenigmarchaeota	sw_7def_6	1
Archaea;Aenigmarchaeota	sw_8def_6	2
Archaea;Altiarchaeota	Aply23_def_6	1
Archaea;Altiarchaeota	Cr90_def_6	18
Archaea;Altiarchaeota	Dys2_1_def_6	1
Archaea;Altiarchaeota	sw_7def_6	1
Archaea;Asgardarchaeota	Aply22_def_6	3
Archaea;Asgardarchaeota	Cr90_def_6	547
Archaea;Asgardarchaeota	Dys1_1_def_6	2
Archaea;Asgardarchaeota	Dys1_2_def_6	87
Archaea;Asgardarchaeota	Dys2_1_def_6	22
Archaea;Asgardarchaeota	sw_8def_6	1
Archaea;Asgardarchaeota	sw_9def_6	1
Archaea;Crenarchaeota	Aply16_def_6	137
Archaea;Crenarchaeota	Aply21_def_6	210
Archaea;Crenarchaeota	Aply22_def_6	253
Archaea;Crenarchaeota	Aply23_def_6	201
Archaea;Crenarchaeota	Cr15_def_6	28
Archaea;Crenarchaeota	Cr50_def_6	261
Archaea;Crenarchaeota	Cr90_def_6	704
Archaea;Crenarchaeota	Dys1_1_def_6	20
Archaea;Crenarchaeota	Dys1_2_def_6	110
Archaea;Crenarchaeota	Dys2_1_def_6	94
Archaea;Crenarchaeota	Pf10_def_6	361
Archaea;Crenarchaeota	Pf11_def_6	245
Archaea;Crenarchaeota	Pf12_def_6	306
Archaea;Crenarchaeota	Pf4_def_6	362
Archaea;Crenarchaeota	Pf5_def_6	368
Archaea;Crenarchaeota	Pf6_def_6	360
Archaea;Crenarchaeota	Pf7_def_6	378
Archaea;Crenarchaeota	Pf8_def_6	326
Archaea;Crenarchaeota	Pf9_def_6	264
Archaea;Crenarchaeota	gb10_def_6	1417
Archaea;Crenarchaeota	gb10_f_def_6	4534
Archaea;Crenarchaeota	gb126_def_6	457
Archaea;Crenarchaeota	gb1_def_6	1188
Archaea;Crenarchaeota	gb1_f_def_6	3898
Archaea;Crenarchaeota	gb278_def_6	1155
Archaea;Crenarchaeota	gb2_2_def_6	898
Archaea;Crenarchaeota	gb2_f_def_6	3987
Archaea;Crenarchaeota	gb305_def_6	794
Archaea;Crenarchaeota	gb3_2_def_6	1097
Archaea;Crenarchaeota	gb3_f_def_6	4118
Archaea;Crenarchaeota	gb4_2_def_6	849
Archaea;Crenarchaeota	gb5_2_def_6	823
Archaea;Crenarchaeota	gb5_6_f_def_6	4798
Archaea;Crenarchaeota	gb6_def_6	858
Archaea;Crenarchaeota	gb7_def_6	1130
Archaea;Crenarchaeota	gb8_2_def_6	1414
Archaea;Crenarchaeota	gb9_def_6	1178
Archaea;Crenarchaeota	gb9_f_def_6	3757
Archaea;Crenarchaeota	sw_7def_6	13
Archaea;Crenarchaeota	sw_8def_6	7
Archaea;Crenarchaeota	sw_9def_6	12
Archaea;Euryarchaeota	Aply22_def_6	12
Archaea;Euryarchaeota	Aply23_def_6	4
Archaea;Euryarchaeota	Cr50_def_6	1
Archaea;Euryarchaeota	Cr90_def_6	109
Archaea;Euryarchaeota	Dys1_1_def_6	4
Archaea;Euryarchaeota	Dys1_2_def_6	8
Archaea;Euryarchaeota	Dys2_1_def_6	7
Archaea;Euryarchaeota	gb305_def_6	1
Archaea;Euryarchaeota	gb6_def_6	1
Archaea;Euryarchaeota	sw_7def_6	3
Archaea;Euryarchaeota	sw_8def_6	2
Archaea;Euryarchaeota	sw_9def_6	1
Archaea;Hadarchaeota	Aply21_def_6	2
Archaea;Hadarchaeota	Aply22_def_6	3
Archaea;Hadarchaeota	Cr90_def_6	35
Archaea;Hadarchaeota	Dys1_2_def_6	1
Archaea;Hadarchaeota	Dys2_1_def_6	4
Archaea;Hadarchaeota	Pf10_def_6	2
Archaea;Hadarchaeota	sw_8def_6	1
Archaea;Halobacterota	Aply21_def_6	3
Archaea;Halobacterota	Aply22_def_6	22
Archaea;Halobacterota	Aply23_def_6	7
Archaea;Halobacterota	Cr50_def_6	3
Archaea;Halobacterota	Cr90_def_6	294
Archaea;Halobacterota	Dys1_1_def_6	156
Archaea;Halobacterota	Dys1_2_def_6	78
Archaea;Halobacterota	Dys2_1_def_6	212
Archaea;Halobacterota	gb10_f_def_6	49
Archaea;Halobacterota	gb1_f_def_6	31
Archaea;Halobacterota	gb2_f_def_6	21
Archaea;Halobacterota	gb3_f_def_6	23
Archaea;Halobacterota	gb5_6_f_def_6	60
Archaea;Halobacterota	gb9_f_def_6	51
Archaea;Halobacterota	sw_7def_6	4
Archaea;Halobacterota	sw_8def_6	1
Archaea;Halobacterota	sw_9def_6	6
Archaea;Hydrothermarchaeota	Aply22_def_6	1
Archaea;Hydrothermarchaeota	Cr90_def_6	8
Archaea;Hydrothermarchaeota	Dys1_2_def_6	1
Archaea;Hydrothermarchaeota	Dys2_1_def_6	1
Archaea;Hydrothermarchaeota	sw_8def_6	1
Archaea;Iainarchaeota	Aply22_def_6	1
Archaea;Iainarchaeota	Cr90_def_6	12
Archaea;Korarchaeota	Cr90_def_6	41
Archaea;Korarchaeota	Dys2_1_def_6	4
Archaea;Korarchaeota	sw_9def_6	2
Archaea;Micrarchaeota	Cr90_def_6	28
Archaea;Micrarchaeota	Dys1_2_def_6	2
Archaea;Micrarchaeota	Dys2_1_def_6	3
Archaea;Micrarchaeota	gb10_f_def_6	1
Archaea;Micrarchaeota	sw_7def_6	1
Archaea;Nanoarchaeota	Aply21_def_6	1
Archaea;Nanoarchaeota	Aply22_def_6	3
Archaea;Nanoarchaeota	Cr15_def_6	1
Archaea;Nanoarchaeota	Cr90_def_6	101
Archaea;Nanoarchaeota	Dys1_1_def_6	6
Archaea;Nanoarchaeota	Dys1_2_def_6	12
Archaea;Nanoarchaeota	Dys2_1_def_6	12
Archaea;Nanoarchaeota	Pf12_def_6	65
Archaea;Nanoarchaeota	Pf6_def_6	1
Archaea;Nanoarchaeota	gb10_def_6	5
Archaea;Nanoarchaeota	gb10_f_def_6	62
Archaea;Nanoarchaeota	gb1_def_6	29
Archaea;Nanoarchaeota	gb1_f_def_6	34
Archaea;Nanoarchaeota	gb278_def_6	2
Archaea;Nanoarchaeota	gb2_2_def_6	10
Archaea;Nanoarchaeota	gb2_f_def_6	45
Archaea;Nanoarchaeota	gb305_def_6	347
Archaea;Nanoarchaeota	gb3_2_def_6	5
Archaea;Nanoarchaeota	gb3_f_def_6	37
Archaea;Nanoarchaeota	gb4_2_def_6	9
Archaea;Nanoarchaeota	gb5_6_f_def_6	40
Archaea;Nanoarchaeota	gb6_def_6	21
Archaea;Nanoarchaeota	gb7_def_6	17
Archaea;Nanoarchaeota	gb9_def_6	11
Archaea;Nanoarchaeota	gb9_f_def_6	39
Archaea;Nanoarchaeota	sw_7def_6	6
Archaea;Nanoarchaeota	sw_8def_6	6
Archaea;Nanoarchaeota	sw_9def_6	7
Archaea;Nanohaloarchaeota	Aply22_def_6	1
Archaea;Nanohaloarchaeota	Aply23_def_6	1
Archaea;Nanohaloarchaeota	Cr90_def_6	7
Archaea;Thermoplasmatota	Aply21_def_6	2
Archaea;Thermoplasmatota	Aply22_def_6	14
Archaea;Thermoplasmatota	Aply23_def_6	3
Archaea;Thermoplasmatota	Cr50_def_6	36
Archaea;Thermoplasmatota	Cr90_def_6	145
Archaea;Thermoplasmatota	Dys1_1_def_6	253
Archaea;Thermoplasmatota	Dys1_2_def_6	33
Archaea;Thermoplasmatota	Dys2_1_def_6	117
Archaea;Thermoplasmatota	gb10_def_6	3
Archaea;Thermoplasmatota	gb10_f_def_6	1391
Archaea;Thermoplasmatota	gb126_def_6	3
Archaea;Thermoplasmatota	gb1_f_def_6	1141
Archaea;Thermoplasmatota	gb278_def_6	1
Archaea;Thermoplasmatota	gb2_f_def_6	1267
Archaea;Thermoplasmatota	gb305_def_6	2
Archaea;Thermoplasmatota	gb3_f_def_6	1286
Archaea;Thermoplasmatota	gb5_2_def_6	1
Archaea;Thermoplasmatota	gb5_6_f_def_6	1335
Archaea;Thermoplasmatota	gb9_def_6	1
Archaea;Thermoplasmatota	gb9_f_def_6	1043
Archaea;Thermoplasmatota	sw_7def_6	8
Archaea;Thermoplasmatota	sw_8def_6	7
Archaea;Thermoplasmatota	sw_9def_6	7
Archaea;uncultured	Cr90_def_6	3
Archaea;uncultured	Dys1_2_def_6	1
Archaea;uncultured archaeon 'KTK 28A'	Dys2_1_def_6	1
Bacteria;(Bacteria)	Aply16_def_6	476
Bacteria;(Bacteria)	Aply21_def_6	531
Bacteria;(Bacteria)	Aply22_def_6	2210
Bacteria;(Bacteria)	Aply23_def_6	786
Bacteria;(Bacteria)	Cr15_def_6	323
Bacteria;(Bacteria)	Cr50_def_6	990
Bacteria;(Bacteria)	Cr90_def_6	4403
Bacteria;(Bacteria)	Dys1_1_def_6	498
Bacteria;(Bacteria)	Dys1_2_def_6	54536
Bacteria;(Bacteria)	Dys2_1_def_6	16911
Bacteria;(Bacteria)	Pf10_def_6	469
Bacteria;(Bacteria)	Pf11_def_6	481
Bacteria;(Bacteria)	Pf12_def_6	526
Bacteria;(Bacteria)	Pf4_def_6	471
Bacteria;(Bacteria)	Pf5_def_6	486
Bacteria;(Bacteria)	Pf6_def_6	546
Bacteria;(Bacteria)	Pf7_def_6	590
Bacteria;(Bacteria)	Pf8_def_6	431
Bacteria;(Bacteria)	Pf9_def_6	345
Bacteria;(Bacteria)	gb10_def_6	414
Bacteria;(Bacteria)	gb10_f_def_6	1243
Bacteria;(Bacteria)	gb126_def_6	583
Bacteria;(Bacteria)	gb1_def_6	406
Bacteria;(Bacteria)	gb1_f_def_6	1071
Bacteria;(Bacteria)	gb278_def_6	499
Bacteria;(Bacteria)	gb2_2_def_6	431
Bacteria;(Bacteria)	gb2_f_def_6	1119
Bacteria;(Bacteria)	gb305_def_6	527
Bacteria;(Bacteria)	gb3_2_def_6	490
Bacteria;(Bacteria)	gb3_f_def_6	1033
Bacteria;(Bacteria)	gb4_2_def_6	411
Bacteria;(Bacteria)	gb5_2_def_6	415
Bacteria;(Bacteria)	gb5_6_f_def_6	1244
Bacteria;(Bacteria)	gb6_def_6	410
Bacteria;(Bacteria)	gb7_def_6	445
Bacteria;(Bacteria)	gb8_2_def_6	450
Bacteria;(Bacteria)	gb9_def_6	438
Bacteria;(Bacteria)	gb9_f_def_6	983
Bacteria;(Bacteria)	sw_7def_6	897
Bacteria;(Bacteria)	sw_8def_6	845
Bacteria;(Bacteria)	sw_9def_6	958
Bacteria;Abditibacteriota	Aply21_def_6	1
Bacteria;Abditibacteriota	Cr90_def_6	19
Bacteria;Abditibacteriota	Dys1_2_def_6	1
Bacteria;Abditibacteriota	Dys2_1_def_6	1
Bacteria;Acetothermia	Aply21_def_6	1
Bacteria;Acetothermia	Aply22_def_6	2
Bacteria;Acetothermia	Cr90_def_6	12
Bacteria;Acetothermia	Dys1_2_def_6	1
Bacteria;Acetothermia	Dys2_1_def_6	1
Bacteria;Acetothermia	gb278_def_6	1
Bacteria;Acidobacteriota	Aply16_def_6	1110
Bacteria;Acidobacteriota	Aply21_def_6	860
Bacteria;Acidobacteriota	Aply22_def_6	2396
Bacteria;Acidobacteriota	Aply23_def_6	795
Bacteria;Acidobacteriota	Cr15_def_6	31
Bacteria;Acidobacteriota	Cr50_def_6	482
Bacteria;Acidobacteriota	Cr90_def_6	850
Bacteria;Acidobacteriota	Dys1_1_def_6	47
Bacteria;Acidobacteriota	Dys1_2_def_6	655
Bacteria;Acidobacteriota	Dys2_1_def_6	594
Bacteria;Acidobacteriota	Pf10_def_6	2349
Bacteria;Acidobacteriota	Pf11_def_6	1847
Bacteria;Acidobacteriota	Pf12_def_6	2523
Bacteria;Acidobacteriota	Pf4_def_6	3084
Bacteria;Acidobacteriota	Pf5_def_6	2102
Bacteria;Acidobacteriota	Pf6_def_6	2796
Bacteria;Acidobacteriota	Pf7_def_6	2801
Bacteria;Acidobacteriota	Pf8_def_6	1528
Bacteria;Acidobacteriota	Pf9_def_6	1287
Bacteria;Acidobacteriota	gb10_def_6	2098
Bacteria;Acidobacteriota	gb10_f_def_6	134
Bacteria;Acidobacteriota	gb126_def_6	3836
Bacteria;Acidobacteriota	gb1_def_6	1634
Bacteria;Acidobacteriota	gb1_f_def_6	147
Bacteria;Acidobacteriota	gb278_def_6	3658
Bacteria;Acidobacteriota	gb2_2_def_6	1650
Bacteria;Acidobacteriota	gb2_f_def_6	116
Bacteria;Acidobacteriota	gb305_def_6	3579
Bacteria;Acidobacteriota	gb3_2_def_6	1504
Bacteria;Acidobacteriota	gb3_f_def_6	151
Bacteria;Acidobacteriota	gb4_2_def_6	1765
Bacteria;Acidobacteriota	gb5_2_def_6	1744
Bacteria;Acidobacteriota	gb5_6_f_def_6	181
Bacteria;Acidobacteriota	gb6_def_6	1841
Bacteria;Acidobacteriota	gb7_def_6	1963
Bacteria;Acidobacteriota	gb8_2_def_6	2101
Bacteria;Acidobacteriota	gb9_def_6	1879
Bacteria;Acidobacteriota	gb9_f_def_6	100
Bacteria;Acidobacteriota	sw_7def_6	13
Bacteria;Acidobacteriota	sw_8def_6	11
Bacteria;Acidobacteriota	sw_9def_6	11
Bacteria;Actinobacteriota	Aply16_def_6	474
Bacteria;Actinobacteriota	Aply21_def_6	408
Bacteria;Actinobacteriota	Aply22_def_6	1857
Bacteria;Actinobacteriota	Aply23_def_6	391
Bacteria;Actinobacteriota	Cr15_def_6	104
Bacteria;Actinobacteriota	Cr50_def_6	153
Bacteria;Actinobacteriota	Cr90_def_6	2568
Bacteria;Actinobacteriota	Dys1_1_def_6	3883
Bacteria;Actinobacteriota	Dys1_2_def_6	8712
Bacteria;Actinobacteriota	Dys2_1_def_6	8760
Bacteria;Actinobacteriota	Pf10_def_6	940
Bacteria;Actinobacteriota	Pf11_def_6	685
Bacteria;Actinobacteriota	Pf12_def_6	620
Bacteria;Actinobacteriota	Pf4_def_6	1047
Bacteria;Actinobacteriota	Pf5_def_6	706
Bacteria;Actinobacteriota	Pf6_def_6	874
Bacteria;Actinobacteriota	Pf7_def_6	724
Bacteria;Actinobacteriota	Pf8_def_6	554
Bacteria;Actinobacteriota	Pf9_def_6	737
Bacteria;Actinobacteriota	gb10_def_6	445
Bacteria;Actinobacteriota	gb10_f_def_6	767
Bacteria;Actinobacteriota	gb126_def_6	1065
Bacteria;Actinobacteriota	gb1_def_6	679
Bacteria;Actinobacteriota	gb1_f_def_6	683
Bacteria;Actinobacteriota	gb278_def_6	1196
Bacteria;Actinobacteriota	gb2_2_def_6	433
Bacteria;Actinobacteriota	gb2_f_def_6	607
Bacteria;Actinobacteriota	gb305_def_6	670
Bacteria;Actinobacteriota	gb3_2_def_6	756
Bacteria;Actinobacteriota	gb3_f_def_6	630
Bacteria;Actinobacteriota	gb4_2_def_6	390
Bacteria;Actinobacteriota	gb5_2_def_6	1750
Bacteria;Actinobacteriota	gb5_6_f_def_6	731
Bacteria;Actinobacteriota	gb6_def_6	606
Bacteria;Actinobacteriota	gb7_def_6	665
Bacteria;Actinobacteriota	gb8_2_def_6	791
Bacteria;Actinobacteriota	gb9_def_6	660
Bacteria;Actinobacteriota	gb9_f_def_6	530
Bacteria;Actinobacteriota	sw_7def_6	240
Bacteria;Actinobacteriota	sw_8def_6	174
Bacteria;Actinobacteriota	sw_9def_6	159
Bacteria;Aerophobota	Aply22_def_6	1
Bacteria;Aerophobota	Cr90_def_6	8
Bacteria;Aerophobota	Dys1_1_def_6	3
Bacteria;Aerophobota	Dys1_2_def_6	2
Bacteria;Aerophobota	Dys2_1_def_6	11
Bacteria;AncK6	Aply16_def_6	95
Bacteria;AncK6	Aply21_def_6	101
Bacteria;AncK6	Aply22_def_6	201
Bacteria;AncK6	Aply23_def_6	68
Bacteria;AncK6	Cr90_def_6	3
Bacteria;AncK6	Dys1_2_def_6	2
Bacteria;AncK6	Dys2_1_def_6	9
Bacteria;AncK6	Pf10_def_6	49
Bacteria;AncK6	Pf11_def_6	126
Bacteria;AncK6	Pf12_def_6	105
Bacteria;AncK6	Pf4_def_6	124
Bacteria;AncK6	Pf5_def_6	136
Bacteria;AncK6	Pf6_def_6	164
Bacteria;AncK6	Pf7_def_6	89
Bacteria;AncK6	Pf8_def_6	115
Bacteria;AncK6	Pf9_def_6	142
Bacteria;AncK6	gb10_def_6	62
Bacteria;AncK6	gb10_f_def_6	98
Bacteria;AncK6	gb126_def_6	65
Bacteria;AncK6	gb1_def_6	28
Bacteria;AncK6	gb1_f_def_6	52
Bacteria;AncK6	gb278_def_6	48
Bacteria;AncK6	gb2_2_def_6	42
Bacteria;AncK6	gb2_f_def_6	78
Bacteria;AncK6	gb305_def_6	33
Bacteria;AncK6	gb3_2_def_6	97
Bacteria;AncK6	gb3_f_def_6	69
Bacteria;AncK6	gb4_2_def_6	25
Bacteria;AncK6	gb5_2_def_6	33
Bacteria;AncK6	gb5_6_f_def_6	74
Bacteria;AncK6	gb6_def_6	42
Bacteria;AncK6	gb7_def_6	56
Bacteria;AncK6	gb8_2_def_6	31
Bacteria;AncK6	gb9_def_6	48
Bacteria;AncK6	gb9_f_def_6	59
Bacteria;Aquificota	Aply21_def_6	1
Bacteria;Aquificota	Aply22_def_6	2
Bacteria;Aquificota	Aply23_def_6	1
Bacteria;Aquificota	Cr90_def_6	18
Bacteria;Aquificota	Dys1_2_def_6	1
Bacteria;Aquificota	Dys2_1_def_6	4
Bacteria;Aquificota	sw_8def_6	1
Bacteria;Aquificota	sw_9def_6	3
Bacteria;Armatimonadota	Aply21_def_6	1
Bacteria;Armatimonadota	Aply22_def_6	6
Bacteria;Armatimonadota	Aply23_def_6	1
Bacteria;Armatimonadota	Cr50_def_6	4
Bacteria;Armatimonadota	Cr90_def_6	92
Bacteria;Armatimonadota	Dys1_1_def_6	9
Bacteria;Armatimonadota	Dys1_2_def_6	4
Bacteria;Armatimonadota	Dys2_1_def_6	10
Bacteria;Armatimonadota	gb2_f_def_6	1
Bacteria;Armatimonadota	gb5_6_f_def_6	1
Bacteria;Armatimonadota	sw_7def_6	1
Bacteria;Armatimonadota	sw_8def_6	2
Bacteria;Armatimonadota	sw_9def_6	1
Bacteria;BHI80-139	Cr90_def_6	5
Bacteria;BHI80-139	Dys1_2_def_6	1
Bacteria;BHI80-139	Dys2_1_def_6	1
Bacteria;Bacteroidota	Aply16_def_6	225
Bacteria;Bacteroidota	Aply21_def_6	209
Bacteria;Bacteroidota	Aply22_def_6	1025
Bacteria;Bacteroidota	Aply23_def_6	223
Bacteria;Bacteroidota	Cr15_def_6	6
Bacteria;Bacteroidota	Cr50_def_6	965
Bacteria;Bacteroidota	Cr90_def_6	4144
Bacteria;Bacteroidota	Dys1_1_def_6	151
Bacteria;Bacteroidota	Dys1_2_def_6	1250
Bacteria;Bacteroidota	Dys2_1_def_6	2720
Bacteria;Bacteroidota	Pf10_def_6	791
Bacteria;Bacteroidota	Pf11_def_6	425
Bacteria;Bacteroidota	Pf12_def_6	464
Bacteria;Bacteroidota	Pf4_def_6	519
Bacteria;Bacteroidota	Pf5_def_6	282
Bacteria;Bacteroidota	Pf6_def_6	412
Bacteria;Bacteroidota	Pf7_def_6	464
Bacteria;Bacteroidota	Pf8_def_6	183
Bacteria;Bacteroidota	Pf9_def_6	200
Bacteria;Bacteroidota	gb10_def_6	53
Bacteria;Bacteroidota	gb10_f_def_6	1177
Bacteria;Bacteroidota	gb126_def_6	86
Bacteria;Bacteroidota	gb1_def_6	41
Bacteria;Bacteroidota	gb1_f_def_6	1657
Bacteria;Bacteroidota	gb278_def_6	119
Bacteria;Bacteroidota	gb2_2_def_6	69
Bacteria;Bacteroidota	gb2_f_def_6	1559
Bacteria;Bacteroidota	gb305_def_6	84
Bacteria;Bacteroidota	gb3_2_def_6	102
Bacteria;Bacteroidota	gb3_f_def_6	1615
Bacteria;Bacteroidota	gb4_2_def_6	62
Bacteria;Bacteroidota	gb5_2_def_6	93
Bacteria;Bacteroidota	gb5_6_f_def_6	1489
Bacteria;Bacteroidota	gb6_def_6	68
Bacteria;Bacteroidota	gb7_def_6	43
Bacteria;Bacteroidota	gb8_2_def_6	56
Bacteria;Bacteroidota	gb9_def_6	22
Bacteria;Bacteroidota	gb9_f_def_6	949
Bacteria;Bacteroidota	sw_7def_6	1972
Bacteria;Bacteroidota	sw_8def_6	2584
Bacteria;Bacteroidota	sw_9def_6	2955
Bacteria;Bdellovibrionota	Aply16_def_6	19
Bacteria;Bdellovibrionota	Aply21_def_6	24
Bacteria;Bdellovibrionota	Aply22_def_6	44
Bacteria;Bdellovibrionota	Aply23_def_6	44
Bacteria;Bdellovibrionota	Cr15_def_6	3
Bacteria;Bdellovibrionota	Cr50_def_6	116
Bacteria;Bdellovibrionota	Cr90_def_6	320
Bacteria;Bdellovibrionota	Dys1_1_def_6	32
Bacteria;Bdellovibrionota	Dys1_2_def_6	56
Bacteria;Bdellovibrionota	Dys2_1_def_6	40
Bacteria;Bdellovibrionota	Pf10_def_6	4
Bacteria;Bdellovibrionota	Pf11_def_6	1
Bacteria;Bdellovibrionota	Pf12_def_6	105
Bacteria;Bdellovibrionota	Pf4_def_6	63
Bacteria;Bdellovibrionota	Pf5_def_6	101
Bacteria;Bdellovibrionota	Pf6_def_6	79
Bacteria;Bdellovibrionota	Pf7_def_6	56
Bacteria;Bdellovibrionota	Pf8_def_6	1
Bacteria;Bdellovibrionota	Pf9_def_6	49
Bacteria;Bdellovibrionota	gb10_def_6	43
Bacteria;Bdellovibrionota	gb10_f_def_6	228
Bacteria;Bdellovibrionota	gb126_def_6	38
Bacteria;Bdellovibrionota	gb1_def_6	32
Bacteria;Bdellovibrionota	gb1_f_def_6	241
Bacteria;Bdellovibrionota	gb278_def_6	30
Bacteria;Bdellovibrionota	gb2_2_def_6	13
Bacteria;Bdellovibrionota	gb2_f_def_6	235
Bacteria;Bdellovibrionota	gb305_def_6	60
Bacteria;Bdellovibrionota	gb3_2_def_6	26
Bacteria;Bdellovibrionota	gb3_f_def_6	236
Bacteria;Bdellovibrionota	gb4_2_def_6	26
Bacteria;Bdellovibrionota	gb5_2_def_6	38
Bacteria;Bdellovibrionota	gb5_6_f_def_6	220
Bacteria;Bdellovibrionota	gb6_def_6	27
Bacteria;Bdellovibrionota	gb7_def_6	46
Bacteria;Bdellovibrionota	gb8_2_def_6	10
Bacteria;Bdellovibrionota	gb9_def_6	22
Bacteria;Bdellovibrionota	gb9_f_def_6	149
Bacteria;Bdellovibrionota	sw_7def_6	13
Bacteria;Bdellovibrionota	sw_8def_6	12
Bacteria;Bdellovibrionota	sw_9def_6	9
Bacteria;CK-2C2-2	Aply22_def_6	1
Bacteria;CK-2C2-2	Cr90_def_6	2
Bacteria;Caldatribacteriota	Aply21_def_6	1
Bacteria;Caldatribacteriota	Aply22_def_6	2
Bacteria;Caldatribacteriota	Cr15_def_6	1
Bacteria;Caldatribacteriota	Cr50_def_6	1
Bacteria;Caldatribacteriota	Cr90_def_6	19
Bacteria;Caldatribacteriota	Dys1_1_def_6	11
Bacteria;Caldatribacteriota	Dys1_2_def_6	25
Bacteria;Caldatribacteriota	Dys2_1_def_6	27
Bacteria;Caldatribacteriota	Pf4_def_6	1
Bacteria;Caldatribacteriota	Pf7_def_6	1
Bacteria;Caldatribacteriota	gb126_def_6	1
Bacteria;Caldatribacteriota	gb2_f_def_6	1
Bacteria;Caldatribacteriota	gb5_2_def_6	1
Bacteria;Caldisericota	Aply21_def_6	1
Bacteria;Caldisericota	Aply22_def_6	1
Bacteria;Caldisericota	Aply23_def_6	1
Bacteria;Caldisericota	Cr90_def_6	8
Bacteria;Caldisericota	Dys1_2_def_6	3
Bacteria;Caldisericota	Pf10_def_6	1
Bacteria;Calditrichota	Aply22_def_6	2
Bacteria;Calditrichota	Cr90_def_6	24
Bacteria;Calditrichota	Dys1_1_def_6	2
Bacteria;Calditrichota	Dys1_2_def_6	11
Bacteria;Calditrichota	Dys2_1_def_6	3
Bacteria;Calditrichota	Pf11_def_6	1
Bacteria;Calditrichota	gb10_def_6	2
Bacteria;Calditrichota	gb10_f_def_6	1
Bacteria;Calditrichota	gb126_def_6	14
Bacteria;Calditrichota	gb1_def_6	2
Bacteria;Calditrichota	gb1_f_def_6	1
Bacteria;Calditrichota	gb278_def_6	6
Bacteria;Calditrichota	gb2_2_def_6	8
Bacteria;Calditrichota	gb2_f_def_6	1
Bacteria;Calditrichota	gb305_def_6	6
Bacteria;Calditrichota	gb3_2_def_6	6
Bacteria;Calditrichota	gb4_2_def_6	2
Bacteria;Calditrichota	gb6_def_6	3
Bacteria;Calditrichota	gb7_def_6	7
Bacteria;Calditrichota	gb8_2_def_6	7
Bacteria;Calditrichota	gb9_def_6	5
Bacteria;Calditrichota	sw_8def_6	2
Bacteria;Campylobacterota	Aply21_def_6	1
Bacteria;Campylobacterota	Aply22_def_6	2
Bacteria;Campylobacterota	Cr15_def_6	2
Bacteria;Campylobacterota	Cr50_def_6	5
Bacteria;Campylobacterota	Cr90_def_6	188
Bacteria;Campylobacterota	Dys1_1_def_6	11
Bacteria;Campylobacterota	Dys1_2_def_6	91
Bacteria;Campylobacterota	Dys2_1_def_6	58
Bacteria;Campylobacterota	Pf12_def_6	1
Bacteria;Campylobacterota	Pf4_def_6	1
Bacteria;Campylobacterota	Pf5_def_6	1
Bacteria;Campylobacterota	gb10_f_def_6	37
Bacteria;Campylobacterota	gb1_f_def_6	1016
Bacteria;Campylobacterota	gb278_def_6	2
Bacteria;Campylobacterota	gb2_f_def_6	783
Bacteria;Campylobacterota	gb305_def_6	2
Bacteria;Campylobacterota	gb3_f_def_6	894
Bacteria;Campylobacterota	gb5_2_def_6	2
Bacteria;Campylobacterota	gb5_6_f_def_6	12
Bacteria;Campylobacterota	gb8_2_def_6	1
Bacteria;Campylobacterota	gb9_def_6	3
Bacteria;Campylobacterota	gb9_f_def_6	16
Bacteria;Campylobacterota	sw_7def_6	10
Bacteria;Campylobacterota	sw_8def_6	5
Bacteria;Campylobacterota	sw_9def_6	12
Bacteria;Chloroflexi	Aply16_def_6	1556
Bacteria;Chloroflexi	Aply21_def_6	1429
Bacteria;Chloroflexi	Aply22_def_6	3955
Bacteria;Chloroflexi	Aply23_def_6	1093
Bacteria;Chloroflexi	Cr15_def_6	6
Bacteria;Chloroflexi	Cr50_def_6	20
Bacteria;Chloroflexi	Cr90_def_6	1041
Bacteria;Chloroflexi	Dys1_1_def_6	28
Bacteria;Chloroflexi	Dys1_2_def_6	83
Bacteria;Chloroflexi	Dys2_1_def_6	240
Bacteria;Chloroflexi	Pf10_def_6	3420
Bacteria;Chloroflexi	Pf11_def_6	3001
Bacteria;Chloroflexi	Pf12_def_6	2571
Bacteria;Chloroflexi	Pf4_def_6	3411
Bacteria;Chloroflexi	Pf5_def_6	2558
Bacteria;Chloroflexi	Pf6_def_6	3709
Bacteria;Chloroflexi	Pf7_def_6	3524
Bacteria;Chloroflexi	Pf8_def_6	2865
Bacteria;Chloroflexi	Pf9_def_6	2810
Bacteria;Chloroflexi	gb10_def_6	5060
Bacteria;Chloroflexi	gb10_f_def_6	1780
Bacteria;Chloroflexi	gb126_def_6	5800
Bacteria;Chloroflexi	gb1_def_6	4085
Bacteria;Chloroflexi	gb1_f_def_6	997
Bacteria;Chloroflexi	gb278_def_6	4687
Bacteria;Chloroflexi	gb2_2_def_6	4648
Bacteria;Chloroflexi	gb2_f_def_6	975
Bacteria;Chloroflexi	gb305_def_6	5723
Bacteria;Chloroflexi	gb3_2_def_6	4626
Bacteria;Chloroflexi	gb3_f_def_6	993
Bacteria;Chloroflexi	gb4_2_def_6	4757
Bacteria;Chloroflexi	gb5_2_def_6	4580
Bacteria;Chloroflexi	gb5_6_f_def_6	1424
Bacteria;Chloroflexi	gb6_def_6	4382
Bacteria;Chloroflexi	gb7_def_6	4756
Bacteria;Chloroflexi	gb8_2_def_6	4232
Bacteria;Chloroflexi	gb9_def_6	4447
Bacteria;Chloroflexi	gb9_f_def_6	1246
Bacteria;Chloroflexi	sw_7def_6	16
Bacteria;Chloroflexi	sw_8def_6	16
Bacteria;Chloroflexi	sw_9def_6	14
Bacteria;Cloacimonadota	Aply22_def_6	1
Bacteria;Cloacimonadota	Cr90_def_6	27
Bacteria;Cloacimonadota	Dys1_1_def_6	2
Bacteria;Cloacimonadota	Dys1_2_def_6	26
Bacteria;Cloacimonadota	Dys2_1_def_6	1
Bacteria;Cloacimonadota	gb5_6_f_def_6	1
Bacteria;Cloacimonadota	sw_7def_6	14
Bacteria;Coprothermobacterota	Pf8_def_6	1
Bacteria;Cyanobacteria	Aply16_def_6	212
Bacteria;Cyanobacteria	Aply21_def_6	325
Bacteria;Cyanobacteria	Aply22_def_6	2803
Bacteria;Cyanobacteria	Aply23_def_6	1565
Bacteria;Cyanobacteria	Cr15_def_6	33
Bacteria;Cyanobacteria	Cr50_def_6	213
Bacteria;Cyanobacteria	Cr90_def_6	1389
Bacteria;Cyanobacteria	Dys1_1_def_6	170
Bacteria;Cyanobacteria	Dys1_2_def_6	777
Bacteria;Cyanobacteria	Dys2_1_def_6	443
Bacteria;Cyanobacteria	Pf10_def_6	228
Bacteria;Cyanobacteria	Pf11_def_6	201
Bacteria;Cyanobacteria	Pf12_def_6	197
Bacteria;Cyanobacteria	Pf4_def_6	278
Bacteria;Cyanobacteria	Pf5_def_6	143
Bacteria;Cyanobacteria	Pf6_def_6	168
Bacteria;Cyanobacteria	Pf7_def_6	130
Bacteria;Cyanobacteria	Pf8_def_6	156
Bacteria;Cyanobacteria	Pf9_def_6	1
Bacteria;Cyanobacteria	gb10_def_6	77
Bacteria;Cyanobacteria	gb10_f_def_6	207
Bacteria;Cyanobacteria	gb126_def_6	4
Bacteria;Cyanobacteria	gb1_def_6	15
Bacteria;Cyanobacteria	gb1_f_def_6	109
Bacteria;Cyanobacteria	gb278_def_6	6
Bacteria;Cyanobacteria	gb2_2_def_6	15
Bacteria;Cyanobacteria	gb2_f_def_6	118
Bacteria;Cyanobacteria	gb305_def_6	10
Bacteria;Cyanobacteria	gb3_2_def_6	16
Bacteria;Cyanobacteria	gb3_f_def_6	132
Bacteria;Cyanobacteria	gb4_2_def_6	23
Bacteria;Cyanobacteria	gb5_2_def_6	22
Bacteria;Cyanobacteria	gb5_6_f_def_6	146
Bacteria;Cyanobacteria	gb6_def_6	19
Bacteria;Cyanobacteria	gb7_def_6	21
Bacteria;Cyanobacteria	gb8_2_def_6	3
Bacteria;Cyanobacteria	gb9_def_6	4
Bacteria;Cyanobacteria	gb9_f_def_6	119
Bacteria;Cyanobacteria	sw_7def_6	1621
Bacteria;Cyanobacteria	sw_8def_6	1308
Bacteria;Cyanobacteria	sw_9def_6	1493
Bacteria;DTB120	Aply23_def_6	1
Bacteria;DTB120	Cr90_def_6	4
Bacteria;Dadabacteria	Aply16_def_6	124
Bacteria;Dadabacteria	Aply21_def_6	149
Bacteria;Dadabacteria	Aply22_def_6	320
Bacteria;Dadabacteria	Aply23_def_6	99
Bacteria;Dadabacteria	Cr15_def_6	25
Bacteria;Dadabacteria	Cr50_def_6	3
Bacteria;Dadabacteria	Cr90_def_6	16
Bacteria;Dadabacteria	Dys1_1_def_6	3
Bacteria;Dadabacteria	Dys1_2_def_6	359
Bacteria;Dadabacteria	Dys2_1_def_6	316
Bacteria;Dadabacteria	Pf10_def_6	390
Bacteria;Dadabacteria	Pf11_def_6	358
Bacteria;Dadabacteria	Pf12_def_6	302
Bacteria;Dadabacteria	Pf4_def_6	388
Bacteria;Dadabacteria	Pf5_def_6	450
Bacteria;Dadabacteria	Pf6_def_6	520
Bacteria;Dadabacteria	Pf7_def_6	398
Bacteria;Dadabacteria	Pf8_def_6	344
Bacteria;Dadabacteria	Pf9_def_6	353
Bacteria;Dadabacteria	gb10_def_6	261
Bacteria;Dadabacteria	gb10_f_def_6	62
Bacteria;Dadabacteria	gb126_def_6	710
Bacteria;Dadabacteria	gb1_def_6	199
Bacteria;Dadabacteria	gb1_f_def_6	35
Bacteria;Dadabacteria	gb278_def_6	626
Bacteria;Dadabacteria	gb2_2_def_6	180
Bacteria;Dadabacteria	gb2_f_def_6	52
Bacteria;Dadabacteria	gb305_def_6	508
Bacteria;Dadabacteria	gb3_2_def_6	237
Bacteria;Dadabacteria	gb3_f_def_6	39
Bacteria;Dadabacteria	gb4_2_def_6	169
Bacteria;Dadabacteria	gb5_2_def_6	112
Bacteria;Dadabacteria	gb5_6_f_def_6	62
Bacteria;Dadabacteria	gb6_def_6	173
Bacteria;Dadabacteria	gb7_def_6	209
Bacteria;Dadabacteria	gb8_2_def_6	222
Bacteria;Dadabacteria	gb9_def_6	197
Bacteria;Dadabacteria	gb9_f_def_6	46
Bacteria;Dadabacteria	sw_7def_6	2
Bacteria;Dadabacteria	sw_8def_6	1
Bacteria;Dadabacteria	sw_9def_6	3
Bacteria;Deferribacterota	Aply22_def_6	1
Bacteria;Deferribacterota	Cr15_def_6	1
Bacteria;Deferribacterota	Cr90_def_6	8
Bacteria;Deferribacterota	Dys1_2_def_6	2
Bacteria;Deferribacterota	Dys2_1_def_6	9
Bacteria;Deferribacterota	sw_7def_6	2
Bacteria;Deferrisomatota	Cr90_def_6	3
Bacteria;Deferrisomatota	gb10_def_6	2
Bacteria;Deferrisomatota	gb126_def_6	2
Bacteria;Deinococcota	Aply16_def_6	2
Bacteria;Deinococcota	Aply21_def_6	3
Bacteria;Deinococcota	Aply22_def_6	15
Bacteria;Deinococcota	Aply23_def_6	7
Bacteria;Deinococcota	Cr50_def_6	1
Bacteria;Deinococcota	Cr90_def_6	82
Bacteria;Deinococcota	Dys1_2_def_6	3
Bacteria;Deinococcota	Dys2_1_def_6	6
Bacteria;Deinococcota	Pf10_def_6	2
Bacteria;Deinococcota	Pf11_def_6	2
Bacteria;Deinococcota	Pf5_def_6	1
Bacteria;Deinococcota	Pf6_def_6	2
Bacteria;Deinococcota	Pf8_def_6	3
Bacteria;Deinococcota	gb10_def_6	9
Bacteria;Deinococcota	gb10_f_def_6	14
Bacteria;Deinococcota	gb126_def_6	26
Bacteria;Deinococcota	gb1_def_6	4
Bacteria;Deinococcota	gb1_f_def_6	10
Bacteria;Deinococcota	gb278_def_6	24
Bacteria;Deinococcota	gb2_2_def_6	3
Bacteria;Deinococcota	gb2_f_def_6	1
Bacteria;Deinococcota	gb305_def_6	7
Bacteria;Deinococcota	gb3_2_def_6	4
Bacteria;Deinococcota	gb3_f_def_6	8
Bacteria;Deinococcota	gb4_2_def_6	2
Bacteria;Deinococcota	gb5_2_def_6	3
Bacteria;Deinococcota	gb5_6_f_def_6	14
Bacteria;Deinococcota	gb6_def_6	3
Bacteria;Deinococcota	gb7_def_6	1
Bacteria;Deinococcota	gb8_2_def_6	1
Bacteria;Deinococcota	gb9_def_6	4
Bacteria;Deinococcota	gb9_f_def_6	9
Bacteria;Deinococcota	sw_7def_6	2
Bacteria;Dependentiae	Aply21_def_6	1
Bacteria;Dependentiae	Aply22_def_6	1
Bacteria;Dependentiae	Aply23_def_6	1
Bacteria;Dependentiae	Cr15_def_6	35
Bacteria;Dependentiae	Cr50_def_6	6
Bacteria;Dependentiae	Cr90_def_6	163
Bacteria;Dependentiae	Dys1_1_def_6	5
Bacteria;Dependentiae	Dys1_2_def_6	32
Bacteria;Dependentiae	Dys2_1_def_6	3
Bacteria;Dependentiae	Pf8_def_6	1
Bacteria;Dependentiae	Pf9_def_6	2
Bacteria;Dependentiae	gb10_f_def_6	4
Bacteria;Dependentiae	gb1_f_def_6	7
Bacteria;Dependentiae	gb3_f_def_6	2
Bacteria;Dependentiae	gb7_def_6	2
Bacteria;Dependentiae	gb9_f_def_6	3
Bacteria;Dependentiae	sw_7def_6	5
Bacteria;Dependentiae	sw_8def_6	3
Bacteria;Dependentiae	sw_9def_6	4
Bacteria;Desulfobacterota	Aply16_def_6	2
Bacteria;Desulfobacterota	Aply21_def_6	12
Bacteria;Desulfobacterota	Aply22_def_6	28
Bacteria;Desulfobacterota	Aply23_def_6	9
Bacteria;Desulfobacterota	Cr15_def_6	4
Bacteria;Desulfobacterota	Cr50_def_6	22
Bacteria;Desulfobacterota	Cr90_def_6	482
Bacteria;Desulfobacterota	Dys1_1_def_6	35
Bacteria;Desulfobacterota	Dys1_2_def_6	557
Bacteria;Desulfobacterota	Dys2_1_def_6	424
Bacteria;Desulfobacterota	Pf10_def_6	5
Bacteria;Desulfobacterota	Pf11_def_6	3
Bacteria;Desulfobacterota	Pf12_def_6	1
Bacteria;Desulfobacterota	Pf4_def_6	5
Bacteria;Desulfobacterota	Pf5_def_6	1
Bacteria;Desulfobacterota	Pf6_def_6	6
Bacteria;Desulfobacterota	Pf7_def_6	7
Bacteria;Desulfobacterota	Pf8_def_6	6
Bacteria;Desulfobacterota	Pf9_def_6	4
Bacteria;Desulfobacterota	gb10_def_6	4
Bacteria;Desulfobacterota	gb10_f_def_6	121
Bacteria;Desulfobacterota	gb126_def_6	1
Bacteria;Desulfobacterota	gb1_def_6	3
Bacteria;Desulfobacterota	gb1_f_def_6	115
Bacteria;Desulfobacterota	gb278_def_6	3
Bacteria;Desulfobacterota	gb2_2_def_6	1
Bacteria;Desulfobacterota	gb2_f_def_6	104
Bacteria;Desulfobacterota	gb305_def_6	4
Bacteria;Desulfobacterota	gb3_2_def_6	4
Bacteria;Desulfobacterota	gb3_f_def_6	87
Bacteria;Desulfobacterota	gb4_2_def_6	4
Bacteria;Desulfobacterota	gb5_2_def_6	4
Bacteria;Desulfobacterota	gb5_6_f_def_6	79
Bacteria;Desulfobacterota	gb6_def_6	6
Bacteria;Desulfobacterota	gb7_def_6	7
Bacteria;Desulfobacterota	gb8_2_def_6	2
Bacteria;Desulfobacterota	gb9_def_6	4
Bacteria;Desulfobacterota	gb9_f_def_6	77
Bacteria;Desulfobacterota	sw_7def_6	10
Bacteria;Desulfobacterota	sw_8def_6	24
Bacteria;Desulfobacterota	sw_9def_6	15
Bacteria;Dictyoglomota	gb3_f_def_6	1
Bacteria;Edwardsbacteria	Cr90_def_6	3
Bacteria;Elusimicrobiota	Aply21_def_6	3
Bacteria;Elusimicrobiota	Aply23_def_6	1
Bacteria;Elusimicrobiota	Cr90_def_6	55
Bacteria;Elusimicrobiota	Dys1_1_def_6	2
Bacteria;Elusimicrobiota	Dys1_2_def_6	35
Bacteria;Elusimicrobiota	Dys2_1_def_6	7
Bacteria;Elusimicrobiota	gb1_f_def_6	1
Bacteria;Elusimicrobiota	gb5_6_f_def_6	1
Bacteria;Elusimicrobiota	sw_7def_6	1
Bacteria;Elusimicrobiota	sw_9def_6	2
Bacteria;Entotheonellaeota	Aply16_def_6	41
Bacteria;Entotheonellaeota	Aply21_def_6	39
Bacteria;Entotheonellaeota	Aply22_def_6	95
Bacteria;Entotheonellaeota	Aply23_def_6	47
Bacteria;Entotheonellaeota	Cr50_def_6	5
Bacteria;Entotheonellaeota	Cr90_def_6	5
Bacteria;Entotheonellaeota	Dys2_1_def_6	43
Bacteria;Entotheonellaeota	Pf10_def_6	197
Bacteria;Entotheonellaeota	Pf11_def_6	248
Bacteria;Entotheonellaeota	Pf12_def_6	187
Bacteria;Entotheonellaeota	Pf4_def_6	139
Bacteria;Entotheonellaeota	Pf5_def_6	185
Bacteria;Entotheonellaeota	Pf6_def_6	228
Bacteria;Entotheonellaeota	Pf7_def_6	204
Bacteria;Entotheonellaeota	Pf8_def_6	172
Bacteria;Entotheonellaeota	Pf9_def_6	182
Bacteria;Entotheonellaeota	gb10_def_6	133
Bacteria;Entotheonellaeota	gb10_f_def_6	1
Bacteria;Entotheonellaeota	gb126_def_6	78
Bacteria;Entotheonellaeota	gb1_def_6	139
Bacteria;Entotheonellaeota	gb278_def_6	124
Bacteria;Entotheonellaeota	gb2_2_def_6	167
Bacteria;Entotheonellaeota	gb305_def_6	98
Bacteria;Entotheonellaeota	gb3_2_def_6	157
Bacteria;Entotheonellaeota	gb4_2_def_6	169
Bacteria;Entotheonellaeota	gb5_2_def_6	192
Bacteria;Entotheonellaeota	gb6_def_6	150
Bacteria;Entotheonellaeota	gb7_def_6	178
Bacteria;Entotheonellaeota	gb8_2_def_6	148
Bacteria;Entotheonellaeota	gb9_def_6	167
Bacteria;FCPU426	Aply22_def_6	1
Bacteria;FCPU426	Cr50_def_6	14
Bacteria;FCPU426	Cr90_def_6	6
Bacteria;FCPU426	Dys1_1_def_6	1
Bacteria;FCPU426	Dys1_2_def_6	1
Bacteria;FCPU426	gb9_def_6	1
Bacteria;Fermentibacterota	Aply21_def_6	1
Bacteria;Fermentibacterota	Aply22_def_6	1
Bacteria;Fermentibacterota	Cr90_def_6	7
Bacteria;Fermentibacterota	Dys1_2_def_6	2
Bacteria;Fermentibacterota	Pf10_def_6	1
Bacteria;Fermentibacterota	sw_8def_6	1
Bacteria;Fervidibacteria	Aply22_def_6	1
Bacteria;Fervidibacteria	Cr90_def_6	1
Bacteria;Fibrobacterota	Aply21_def_6	2
Bacteria;Fibrobacterota	Aply22_def_6	4
Bacteria;Fibrobacterota	Aply23_def_6	1
Bacteria;Fibrobacterota	Cr90_def_6	123
Bacteria;Fibrobacterota	Dys1_1_def_6	7
Bacteria;Fibrobacterota	Dys1_2_def_6	4
Bacteria;Fibrobacterota	Dys2_1_def_6	4
Bacteria;Fibrobacterota	Pf12_def_6	1
Bacteria;Fibrobacterota	gb1_f_def_6	1
Bacteria;Fibrobacterota	gb2_f_def_6	1
Bacteria;Fibrobacterota	gb3_f_def_6	4
Bacteria;Fibrobacterota	gb4_2_def_6	1
Bacteria;Fibrobacterota	sw_7def_6	2
Bacteria;Fibrobacterota	sw_8def_6	1
Bacteria;Firmicutes	Aply16_def_6	142
Bacteria;Firmicutes	Aply21_def_6	266
Bacteria;Firmicutes	Aply22_def_6	785
Bacteria;Firmicutes	Aply23_def_6	251
Bacteria;Firmicutes	Cr15_def_6	70
Bacteria;Firmicutes	Cr50_def_6	582
Bacteria;Firmicutes	Cr90_def_6	8908
Bacteria;Firmicutes	Dys1_1_def_6	72933
Bacteria;Firmicutes	Dys1_2_def_6	895575
Bacteria;Firmicutes	Dys2_1_def_6	297836
Bacteria;Firmicutes	Pf10_def_6	32
Bacteria;Firmicutes	Pf11_def_6	31
Bacteria;Firmicutes	Pf12_def_6	27
Bacteria;Firmicutes	Pf4_def_6	50
Bacteria;Firmicutes	Pf5_def_6	34
Bacteria;Firmicutes	Pf6_def_6	50
Bacteria;Firmicutes	Pf7_def_6	44
Bacteria;Firmicutes	Pf8_def_6	33
Bacteria;Firmicutes	Pf9_def_6	35
Bacteria;Firmicutes	gb10_def_6	29
Bacteria;Firmicutes	gb10_f_def_6	242
Bacteria;Firmicutes	gb126_def_6	38
Bacteria;Firmicutes	gb1_def_6	19
Bacteria;Firmicutes	gb1_f_def_6	223
Bacteria;Firmicutes	gb278_def_6	36
Bacteria;Firmicutes	gb2_2_def_6	27
Bacteria;Firmicutes	gb2_f_def_6	215
Bacteria;Firmicutes	gb305_def_6	25
Bacteria;Firmicutes	gb3_2_def_6	32
Bacteria;Firmicutes	gb3_f_def_6	259
Bacteria;Firmicutes	gb4_2_def_6	26
Bacteria;Firmicutes	gb5_2_def_6	23
Bacteria;Firmicutes	gb5_6_f_def_6	285
Bacteria;Firmicutes	gb6_def_6	21
Bacteria;Firmicutes	gb7_def_6	23
Bacteria;Firmicutes	gb8_2_def_6	30
Bacteria;Firmicutes	gb9_def_6	31
Bacteria;Firmicutes	gb9_f_def_6	165
Bacteria;Firmicutes	sw_7def_6	608
Bacteria;Firmicutes	sw_8def_6	646
Bacteria;Firmicutes	sw_9def_6	429
Bacteria;Fusobacteriota	Aply22_def_6	2
Bacteria;Fusobacteriota	Aply23_def_6	1
Bacteria;Fusobacteriota	Cr50_def_6	4
Bacteria;Fusobacteriota	Cr90_def_6	106
Bacteria;Fusobacteriota	Dys1_1_def_6	3
Bacteria;Fusobacteriota	Dys1_2_def_6	14
Bacteria;Fusobacteriota	Dys2_1_def_6	5
Bacteria;Fusobacteriota	gb10_f_def_6	1
Bacteria;Fusobacteriota	gb1_def_6	1
Bacteria;Fusobacteriota	gb1_f_def_6	2
Bacteria;Fusobacteriota	gb2_2_def_6	2
Bacteria;Fusobacteriota	gb2_f_def_6	1
Bacteria;Fusobacteriota	gb8_2_def_6	1
Bacteria;Fusobacteriota	sw_7def_6	14
Bacteria;Fusobacteriota	sw_8def_6	10
Bacteria;Fusobacteriota	sw_9def_6	9
Bacteria;GAL15	Aply22_def_6	1
Bacteria;GAL15	Cr90_def_6	8
Bacteria;GAL15	sw_7def_6	1
Bacteria;GN01	Cr90_def_6	5
Bacteria;GN01	Dys1_1_def_6	1
Bacteria;GN01	Dys1_2_def_6	1
Bacteria;GN01	sw_9def_6	1
Bacteria;Gemmatimonadota	Aply16_def_6	245
Bacteria;Gemmatimonadota	Aply21_def_6	316
Bacteria;Gemmatimonadota	Aply22_def_6	565
Bacteria;Gemmatimonadota	Aply23_def_6	244
Bacteria;Gemmatimonadota	Cr15_def_6	1
Bacteria;Gemmatimonadota	Cr50_def_6	103
Bacteria;Gemmatimonadota	Cr90_def_6	255
Bacteria;Gemmatimonadota	Dys1_1_def_6	3
Bacteria;Gemmatimonadota	Dys1_2_def_6	65
Bacteria;Gemmatimonadota	Dys2_1_def_6	254
Bacteria;Gemmatimonadota	Pf10_def_6	739
Bacteria;Gemmatimonadota	Pf11_def_6	554
Bacteria;Gemmatimonadota	Pf12_def_6	710
Bacteria;Gemmatimonadota	Pf4_def_6	819
Bacteria;Gemmatimonadota	Pf5_def_6	597
Bacteria;Gemmatimonadota	Pf6_def_6	618
Bacteria;Gemmatimonadota	Pf7_def_6	828
Bacteria;Gemmatimonadota	Pf8_def_6	522
Bacteria;Gemmatimonadota	Pf9_def_6	447
Bacteria;Gemmatimonadota	gb10_def_6	431
Bacteria;Gemmatimonadota	gb10_f_def_6	267
Bacteria;Gemmatimonadota	gb126_def_6	1562
Bacteria;Gemmatimonadota	gb1_def_6	387
Bacteria;Gemmatimonadota	gb1_f_def_6	144
Bacteria;Gemmatimonadota	gb278_def_6	903
Bacteria;Gemmatimonadota	gb2_2_def_6	351
Bacteria;Gemmatimonadota	gb2_f_def_6	141
Bacteria;Gemmatimonadota	gb305_def_6	1206
Bacteria;Gemmatimonadota	gb3_2_def_6	444
Bacteria;Gemmatimonadota	gb3_f_def_6	141
Bacteria;Gemmatimonadota	gb4_2_def_6	318
Bacteria;Gemmatimonadota	gb5_2_def_6	323
Bacteria;Gemmatimonadota	gb5_6_f_def_6	224
Bacteria;Gemmatimonadota	gb6_def_6	318
Bacteria;Gemmatimonadota	gb7_def_6	361
Bacteria;Gemmatimonadota	gb8_2_def_6	424
Bacteria;Gemmatimonadota	gb9_def_6	430
Bacteria;Gemmatimonadota	gb9_f_def_6	159
Bacteria;Gemmatimonadota	sw_7def_6	5
Bacteria;Gemmatimonadota	sw_8def_6	1
Bacteria;Gemmatimonadota	sw_9def_6	1
Bacteria;Halanaerobiaeota	Aply21_def_6	8
Bacteria;Halanaerobiaeota	Aply22_def_6	10
Bacteria;Halanaerobiaeota	Aply23_def_6	2
Bacteria;Halanaerobiaeota	Cr90_def_6	25
Bacteria;Halanaerobiaeota	Dys1_1_def_6	2
Bacteria;Halanaerobiaeota	Dys1_2_def_6	11
Bacteria;Halanaerobiaeota	Dys2_1_def_6	3
Bacteria;Halanaerobiaeota	Pf8_def_6	1
Bacteria;Halanaerobiaeota	Pf9_def_6	3
Bacteria;Halanaerobiaeota	gb126_def_6	2
Bacteria;Halanaerobiaeota	gb1_f_def_6	2
Bacteria;Halanaerobiaeota	gb2_f_def_6	1
Bacteria;Halanaerobiaeota	gb3_2_def_6	1
Bacteria;Halanaerobiaeota	gb8_2_def_6	1
Bacteria;Halanaerobiaeota	sw_7def_6	3
Bacteria;Halanaerobiaeota	sw_8def_6	5
Bacteria;Halanaerobiaeota	sw_9def_6	2
Bacteria;Hydrogenedentes	Aply22_def_6	4
Bacteria;Hydrogenedentes	Aply23_def_6	2
Bacteria;Hydrogenedentes	Cr50_def_6	2
Bacteria;Hydrogenedentes	Cr90_def_6	7
Bacteria;Hydrogenedentes	Dys1_1_def_6	1
Bacteria;Hydrogenedentes	Dys1_2_def_6	8
Bacteria;Hydrogenedentes	Dys2_1_def_6	10
Bacteria;Hydrogenedentes	gb10_f_def_6	7
Bacteria;Hydrogenedentes	gb1_f_def_6	7
Bacteria;Hydrogenedentes	gb2_f_def_6	2
Bacteria;Hydrogenedentes	gb3_f_def_6	5
Bacteria;Hydrogenedentes	gb5_6_f_def_6	9
Bacteria;Hydrogenedentes	gb9_f_def_6	11
Bacteria;Hydrothermae	Cr90_def_6	10
Bacteria;LCP-89	Aply21_def_6	1
Bacteria;LCP-89	Aply22_def_6	1
Bacteria;LCP-89	Cr90_def_6	6
Bacteria;LCP-89	Dys2_1_def_6	1
Bacteria;LCP-89	Pf10_def_6	1
Bacteria;LCP-89	Pf11_def_6	1
Bacteria;LCP-89	Pf4_def_6	1
Bacteria;LCP-89	gb1_f_def_6	1
Bacteria;LCP-89	gb3_2_def_6	1
Bacteria;Latescibacterota	Aply16_def_6	1
Bacteria;Latescibacterota	Aply22_def_6	6
Bacteria;Latescibacterota	Cr50_def_6	7
Bacteria;Latescibacterota	Cr90_def_6	54
Bacteria;Latescibacterota	Dys1_1_def_6	5
Bacteria;Latescibacterota	Dys1_2_def_6	11
Bacteria;Latescibacterota	Dys2_1_def_6	12
Bacteria;Latescibacterota	Pf11_def_6	1
Bacteria;Latescibacterota	gb10_f_def_6	1
Bacteria;Latescibacterota	gb3_f_def_6	1
Bacteria;Latescibacterota	gb9_f_def_6	1
Bacteria;Latescibacterota	sw_8def_6	1
Bacteria;MAT-CR-M4-B07	Cr90_def_6	2
Bacteria;MBNT15	Aply23_def_6	1
Bacteria;MBNT15	Cr50_def_6	2
Bacteria;MBNT15	Cr90_def_6	14
Bacteria;MBNT15	Dys1_2_def_6	48
Bacteria;MBNT15	Dys2_1_def_6	94
Bacteria;MBNT15	gb278_def_6	4
Bacteria;MBNT15	gb2_f_def_6	1
Bacteria;MBNT15	gb3_f_def_6	2
Bacteria;MBNT15	gb9_f_def_6	1
Bacteria;MBNT15	sw_8def_6	1
Bacteria;MBNT15	sw_9def_6	3
Bacteria;Margulisbacteria	Aply22_def_6	4
Bacteria;Margulisbacteria	Cr50_def_6	1
Bacteria;Margulisbacteria	Cr90_def_6	7
Bacteria;Margulisbacteria	Dys1_2_def_6	14
Bacteria;Margulisbacteria	Dys2_1_def_6	2
Bacteria;Margulisbacteria	Pf4_def_6	1
Bacteria;Margulisbacteria	gb10_f_def_6	49
Bacteria;Margulisbacteria	gb1_f_def_6	58
Bacteria;Margulisbacteria	gb2_f_def_6	40
Bacteria;Margulisbacteria	gb3_f_def_6	51
Bacteria;Margulisbacteria	gb5_6_f_def_6	36
Bacteria;Margulisbacteria	gb9_f_def_6	45
Bacteria;Margulisbacteria	sw_7def_6	1
Bacteria;Margulisbacteria	sw_9def_6	2
Bacteria;Marinimicrobia (SAR406 clade)	Aply21_def_6	2
Bacteria;Marinimicrobia (SAR406 clade)	Aply22_def_6	3
Bacteria;Marinimicrobia (SAR406 clade)	Cr50_def_6	3
Bacteria;Marinimicrobia (SAR406 clade)	Cr90_def_6	39
Bacteria;Marinimicrobia (SAR406 clade)	Dys1_1_def_6	5
Bacteria;Marinimicrobia (SAR406 clade)	Dys1_2_def_6	35
Bacteria;Marinimicrobia (SAR406 clade)	Dys2_1_def_6	19
Bacteria;Marinimicrobia (SAR406 clade)	Pf10_def_6	3
Bacteria;Marinimicrobia (SAR406 clade)	Pf11_def_6	1
Bacteria;Marinimicrobia (SAR406 clade)	Pf4_def_6	2
Bacteria;Marinimicrobia (SAR406 clade)	Pf5_def_6	2
Bacteria;Marinimicrobia (SAR406 clade)	Pf6_def_6	1
Bacteria;Marinimicrobia (SAR406 clade)	Pf7_def_6	1
Bacteria;Marinimicrobia (SAR406 clade)	Pf8_def_6	1
Bacteria;Marinimicrobia (SAR406 clade)	gb10_f_def_6	1688
Bacteria;Marinimicrobia (SAR406 clade)	gb126_def_6	2
Bacteria;Marinimicrobia (SAR406 clade)	gb1_def_6	2
Bacteria;Marinimicrobia (SAR406 clade)	gb1_f_def_6	1328
Bacteria;Marinimicrobia (SAR406 clade)	gb278_def_6	3
Bacteria;Marinimicrobia (SAR406 clade)	gb2_f_def_6	1471
Bacteria;Marinimicrobia (SAR406 clade)	gb305_def_6	6
Bacteria;Marinimicrobia (SAR406 clade)	gb3_f_def_6	1480
Bacteria;Marinimicrobia (SAR406 clade)	gb4_2_def_6	1
Bacteria;Marinimicrobia (SAR406 clade)	gb5_2_def_6	1
Bacteria;Marinimicrobia (SAR406 clade)	gb5_6_f_def_6	1542
Bacteria;Marinimicrobia (SAR406 clade)	gb7_def_6	1
Bacteria;Marinimicrobia (SAR406 clade)	gb8_2_def_6	7
Bacteria;Marinimicrobia (SAR406 clade)	gb9_def_6	1
Bacteria;Marinimicrobia (SAR406 clade)	gb9_f_def_6	1299
Bacteria;Marinimicrobia (SAR406 clade)	sw_7def_6	20
Bacteria;Marinimicrobia (SAR406 clade)	sw_8def_6	22
Bacteria;Marinimicrobia (SAR406 clade)	sw_9def_6	24
Bacteria;Methylomirabilota	Aply21_def_6	1
Bacteria;Methylomirabilota	Aply22_def_6	4
Bacteria;Methylomirabilota	Cr50_def_6	30
Bacteria;Methylomirabilota	Cr90_def_6	37
Bacteria;Methylomirabilota	Dys1_2_def_6	13
Bacteria;Methylomirabilota	Dys2_1_def_6	24
Bacteria;Methylomirabilota	Pf12_def_6	1
Bacteria;Methylomirabilota	gb5_2_def_6	2
Bacteria;Methylomirabilota	sw_7def_6	1
Bacteria;Methylomirabilota	sw_9def_6	1
Bacteria;Modulibacteria	Aply22_def_6	1
Bacteria;Modulibacteria	Aply23_def_6	1
Bacteria;Modulibacteria	Cr90_def_6	32
Bacteria;Modulibacteria	Dys1_1_def_6	1
Bacteria;Modulibacteria	Dys1_2_def_6	1
Bacteria;Modulibacteria	Dys2_1_def_6	1
Bacteria;Myxococcota	Aply16_def_6	111
Bacteria;Myxococcota	Aply21_def_6	133
Bacteria;Myxococcota	Aply22_def_6	208
Bacteria;Myxococcota	Aply23_def_6	137
Bacteria;Myxococcota	Cr15_def_6	3
Bacteria;Myxococcota	Cr50_def_6	113
Bacteria;Myxococcota	Cr90_def_6	284
Bacteria;Myxococcota	Dys1_1_def_6	7
Bacteria;Myxococcota	Dys1_2_def_6	200
Bacteria;Myxococcota	Dys2_1_def_6	564
Bacteria;Myxococcota	Pf10_def_6	193
Bacteria;Myxococcota	Pf11_def_6	231
Bacteria;Myxococcota	Pf12_def_6	215
Bacteria;Myxococcota	Pf4_def_6	295
Bacteria;Myxococcota	Pf5_def_6	264
Bacteria;Myxococcota	Pf6_def_6	256
Bacteria;Myxococcota	Pf7_def_6	338
Bacteria;Myxococcota	Pf8_def_6	244
Bacteria;Myxococcota	Pf9_def_6	267
Bacteria;Myxococcota	gb10_def_6	341
Bacteria;Myxococcota	gb10_f_def_6	163
Bacteria;Myxococcota	gb126_def_6	232
Bacteria;Myxococcota	gb1_def_6	252
Bacteria;Myxococcota	gb1_f_def_6	104
Bacteria;Myxococcota	gb278_def_6	202
Bacteria;Myxococcota	gb2_2_def_6	287
Bacteria;Myxococcota	gb2_f_def_6	110
Bacteria;Myxococcota	gb305_def_6	153
Bacteria;Myxococcota	gb3_2_def_6	253
Bacteria;Myxococcota	gb3_f_def_6	105
Bacteria;Myxococcota	gb4_2_def_6	295
Bacteria;Myxococcota	gb5_2_def_6	360
Bacteria;Myxococcota	gb5_6_f_def_6	107
Bacteria;Myxococcota	gb6_def_6	303
Bacteria;Myxococcota	gb7_def_6	316
Bacteria;Myxococcota	gb8_2_def_6	377
Bacteria;Myxococcota	gb9_def_6	359
Bacteria;Myxococcota	gb9_f_def_6	98
Bacteria;Myxococcota	sw_7def_6	10
Bacteria;Myxococcota	sw_8def_6	5
Bacteria;Myxococcota	sw_9def_6	9
Bacteria;NB1-j	Aply16_def_6	6
Bacteria;NB1-j	Aply21_def_6	2
Bacteria;NB1-j	Aply22_def_6	5
Bacteria;NB1-j	Aply23_def_6	3
Bacteria;NB1-j	Cr50_def_6	17
Bacteria;NB1-j	Cr90_def_6	20
Bacteria;NB1-j	Dys1_2_def_6	6
Bacteria;NB1-j	Dys2_1_def_6	16
Bacteria;NB1-j	Pf10_def_6	10
Bacteria;NB1-j	Pf11_def_6	12
Bacteria;NB1-j	Pf12_def_6	4
Bacteria;NB1-j	Pf4_def_6	1
Bacteria;NB1-j	Pf5_def_6	1
Bacteria;NB1-j	Pf6_def_6	11
Bacteria;NB1-j	Pf7_def_6	17
Bacteria;NB1-j	Pf8_def_6	16
Bacteria;NB1-j	Pf9_def_6	3
Bacteria;NB1-j	gb10_def_6	6
Bacteria;NB1-j	gb10_f_def_6	143
Bacteria;NB1-j	gb126_def_6	5
Bacteria;NB1-j	gb1_def_6	10
Bacteria;NB1-j	gb1_f_def_6	150
Bacteria;NB1-j	gb278_def_6	7
Bacteria;NB1-j	gb2_2_def_6	14
Bacteria;NB1-j	gb2_f_def_6	143
Bacteria;NB1-j	gb305_def_6	7
Bacteria;NB1-j	gb3_2_def_6	9
Bacteria;NB1-j	gb3_f_def_6	156
Bacteria;NB1-j	gb4_2_def_6	3
Bacteria;NB1-j	gb5_2_def_6	1
Bacteria;NB1-j	gb5_6_f_def_6	96
Bacteria;NB1-j	gb6_def_6	4
Bacteria;NB1-j	gb7_def_6	13
Bacteria;NB1-j	gb8_2_def_6	10
Bacteria;NB1-j	gb9_def_6	9
Bacteria;NB1-j	gb9_f_def_6	129
Bacteria;NB1-j	sw_7def_6	1
Bacteria;NKB15	Cr90_def_6	3
Bacteria;NKB15	gb1_def_6	1
Bacteria;Nitrospinota	Aply16_def_6	23
Bacteria;Nitrospinota	Aply21_def_6	29
Bacteria;Nitrospinota	Aply22_def_6	62
Bacteria;Nitrospinota	Aply23_def_6	21
Bacteria;Nitrospinota	Cr50_def_6	45
Bacteria;Nitrospinota	Cr90_def_6	11
Bacteria;Nitrospinota	Dys1_2_def_6	24
Bacteria;Nitrospinota	Dys2_1_def_6	142
Bacteria;Nitrospinota	Pf10_def_6	10
Bacteria;Nitrospinota	Pf11_def_6	15
Bacteria;Nitrospinota	Pf12_def_6	20
Bacteria;Nitrospinota	Pf4_def_6	27
Bacteria;Nitrospinota	Pf5_def_6	17
Bacteria;Nitrospinota	Pf6_def_6	29
Bacteria;Nitrospinota	Pf7_def_6	29
Bacteria;Nitrospinota	Pf8_def_6	36
Bacteria;Nitrospinota	Pf9_def_6	33
Bacteria;Nitrospinota	gb10_def_6	45
Bacteria;Nitrospinota	gb10_f_def_6	527
Bacteria;Nitrospinota	gb126_def_6	70
Bacteria;Nitrospinota	gb1_def_6	35
Bacteria;Nitrospinota	gb1_f_def_6	545
Bacteria;Nitrospinota	gb278_def_6	49
Bacteria;Nitrospinota	gb2_2_def_6	34
Bacteria;Nitrospinota	gb2_f_def_6	518
Bacteria;Nitrospinota	gb305_def_6	55
Bacteria;Nitrospinota	gb3_2_def_6	51
Bacteria;Nitrospinota	gb3_f_def_6	529
Bacteria;Nitrospinota	gb4_2_def_6	40
Bacteria;Nitrospinota	gb5_2_def_6	64
Bacteria;Nitrospinota	gb5_6_f_def_6	589
Bacteria;Nitrospinota	gb6_def_6	34
Bacteria;Nitrospinota	gb7_def_6	38
Bacteria;Nitrospinota	gb8_2_def_6	51
Bacteria;Nitrospinota	gb9_def_6	56
Bacteria;Nitrospinota	gb9_f_def_6	363
Bacteria;Nitrospinota	sw_7def_6	1
Bacteria;Nitrospinota	sw_8def_6	1
Bacteria;Nitrospirota	Aply16_def_6	53
Bacteria;Nitrospirota	Aply21_def_6	32
Bacteria;Nitrospirota	Aply22_def_6	165
Bacteria;Nitrospirota	Aply23_def_6	52
Bacteria;Nitrospirota	Cr15_def_6	1
Bacteria;Nitrospirota	Cr50_def_6	18
Bacteria;Nitrospirota	Cr90_def_6	86
Bacteria;Nitrospirota	Dys1_1_def_6	21
Bacteria;Nitrospirota	Dys1_2_def_6	192
Bacteria;Nitrospirota	Dys2_1_def_6	103
Bacteria;Nitrospirota	Pf10_def_6	183
Bacteria;Nitrospirota	Pf11_def_6	185
Bacteria;Nitrospirota	Pf12_def_6	149
Bacteria;Nitrospirota	Pf4_def_6	157
Bacteria;Nitrospirota	Pf5_def_6	116
Bacteria;Nitrospirota	Pf6_def_6	183
Bacteria;Nitrospirota	Pf7_def_6	198
Bacteria;Nitrospirota	Pf8_def_6	138
Bacteria;Nitrospirota	Pf9_def_6	207
Bacteria;Nitrospirota	gb10_def_6	342
Bacteria;Nitrospirota	gb10_f_def_6	15
Bacteria;Nitrospirota	gb126_def_6	183
Bacteria;Nitrospirota	gb1_def_6	332
Bacteria;Nitrospirota	gb1_f_def_6	3
Bacteria;Nitrospirota	gb278_def_6	262
Bacteria;Nitrospirota	gb2_2_def_6	270
Bacteria;Nitrospirota	gb2_f_def_6	11
Bacteria;Nitrospirota	gb305_def_6	244
Bacteria;Nitrospirota	gb3_2_def_6	284
Bacteria;Nitrospirota	gb3_f_def_6	7
Bacteria;Nitrospirota	gb4_2_def_6	220
Bacteria;Nitrospirota	gb5_2_def_6	255
Bacteria;Nitrospirota	gb5_6_f_def_6	16
Bacteria;Nitrospirota	gb6_def_6	307
Bacteria;Nitrospirota	gb7_def_6	324
Bacteria;Nitrospirota	gb8_2_def_6	407
Bacteria;Nitrospirota	gb9_def_6	358
Bacteria;Nitrospirota	gb9_f_def_6	9
Bacteria;Nitrospirota	sw_7def_6	3
Bacteria;Nitrospirota	sw_8def_6	2
Bacteria;Nitrospirota	sw_9def_6	2
Bacteria;PAUC34f	Aply16_def_6	139
Bacteria;PAUC34f	Aply21_def_6	156
Bacteria;PAUC34f	Aply22_def_6	419
Bacteria;PAUC34f	Aply23_def_6	150
Bacteria;PAUC34f	Cr15_def_6	2
Bacteria;PAUC34f	Cr50_def_6	1
Bacteria;PAUC34f	Cr90_def_6	10
Bacteria;PAUC34f	Dys1_2_def_6	1
Bacteria;PAUC34f	Dys2_1_def_6	1
Bacteria;PAUC34f	Pf10_def_6	457
Bacteria;PAUC34f	Pf11_def_6	549
Bacteria;PAUC34f	Pf12_def_6	572
Bacteria;PAUC34f	Pf4_def_6	591
Bacteria;PAUC34f	Pf5_def_6	462
Bacteria;PAUC34f	Pf6_def_6	596
Bacteria;PAUC34f	Pf7_def_6	795
Bacteria;PAUC34f	Pf8_def_6	512
Bacteria;PAUC34f	Pf9_def_6	571
Bacteria;PAUC34f	gb10_def_6	466
Bacteria;PAUC34f	gb10_f_def_6	131
Bacteria;PAUC34f	gb126_def_6	167
Bacteria;PAUC34f	gb1_def_6	313
Bacteria;PAUC34f	gb1_f_def_6	119
Bacteria;PAUC34f	gb278_def_6	177
Bacteria;PAUC34f	gb2_2_def_6	347
Bacteria;PAUC34f	gb2_f_def_6	87
Bacteria;PAUC34f	gb305_def_6	186
Bacteria;PAUC34f	gb3_2_def_6	500
Bacteria;PAUC34f	gb3_f_def_6	102
Bacteria;PAUC34f	gb4_2_def_6	468
Bacteria;PAUC34f	gb5_2_def_6	475
Bacteria;PAUC34f	gb5_6_f_def_6	150
Bacteria;PAUC34f	gb6_def_6	418
Bacteria;PAUC34f	gb7_def_6	351
Bacteria;PAUC34f	gb8_2_def_6	294
Bacteria;PAUC34f	gb9_def_6	403
Bacteria;PAUC34f	gb9_f_def_6	96
Bacteria;PAUC34f	sw_7def_6	1
Bacteria;Patescibacteria	Aply16_def_6	15
Bacteria;Patescibacteria	Aply21_def_6	52
Bacteria;Patescibacteria	Aply22_def_6	34
Bacteria;Patescibacteria	Aply23_def_6	16
Bacteria;Patescibacteria	Cr15_def_6	21
Bacteria;Patescibacteria	Cr50_def_6	26
Bacteria;Patescibacteria	Cr90_def_6	1503
Bacteria;Patescibacteria	Dys1_1_def_6	47
Bacteria;Patescibacteria	Dys1_2_def_6	640
Bacteria;Patescibacteria	Dys2_1_def_6	410
Bacteria;Patescibacteria	Pf10_def_6	65
Bacteria;Patescibacteria	Pf11_def_6	233
Bacteria;Patescibacteria	Pf12_def_6	62
Bacteria;Patescibacteria	Pf4_def_6	14
Bacteria;Patescibacteria	Pf5_def_6	49
Bacteria;Patescibacteria	Pf6_def_6	2
Bacteria;Patescibacteria	Pf7_def_6	48
Bacteria;Patescibacteria	Pf8_def_6	116
Bacteria;Patescibacteria	Pf9_def_6	21
Bacteria;Patescibacteria	gb10_def_6	7
Bacteria;Patescibacteria	gb10_f_def_6	101
Bacteria;Patescibacteria	gb126_def_6	5
Bacteria;Patescibacteria	gb1_def_6	8
Bacteria;Patescibacteria	gb1_f_def_6	63
Bacteria;Patescibacteria	gb278_def_6	1
Bacteria;Patescibacteria	gb2_2_def_6	7
Bacteria;Patescibacteria	gb2_f_def_6	73
Bacteria;Patescibacteria	gb305_def_6	7
Bacteria;Patescibacteria	gb3_2_def_6	16
Bacteria;Patescibacteria	gb3_f_def_6	90
Bacteria;Patescibacteria	gb4_2_def_6	8
Bacteria;Patescibacteria	gb5_2_def_6	12
Bacteria;Patescibacteria	gb5_6_f_def_6	84
Bacteria;Patescibacteria	gb6_def_6	14
Bacteria;Patescibacteria	gb7_def_6	12
Bacteria;Patescibacteria	gb8_2_def_6	4
Bacteria;Patescibacteria	gb9_def_6	25
Bacteria;Patescibacteria	gb9_f_def_6	63
Bacteria;Patescibacteria	sw_7def_6	19
Bacteria;Patescibacteria	sw_8def_6	18
Bacteria;Patescibacteria	sw_9def_6	20
Bacteria;Planctomycetota	Aply16_def_6	11
Bacteria;Planctomycetota	Aply21_def_6	18
Bacteria;Planctomycetota	Aply22_def_6	81
Bacteria;Planctomycetota	Aply23_def_6	17
Bacteria;Planctomycetota	Cr15_def_6	2010
Bacteria;Planctomycetota	Cr50_def_6	353
Bacteria;Planctomycetota	Cr90_def_6	1322
Bacteria;Planctomycetota	Dys1_1_def_6	24
Bacteria;Planctomycetota	Dys1_2_def_6	1015
Bacteria;Planctomycetota	Dys2_1_def_6	1579
Bacteria;Planctomycetota	Pf10_def_6	3
Bacteria;Planctomycetota	Pf11_def_6	4
Bacteria;Planctomycetota	Pf12_def_6	1
Bacteria;Planctomycetota	Pf6_def_6	2
Bacteria;Planctomycetota	Pf7_def_6	2
Bacteria;Planctomycetota	Pf8_def_6	2
Bacteria;Planctomycetota	Pf9_def_6	1
Bacteria;Planctomycetota	gb10_f_def_6	1077
Bacteria;Planctomycetota	gb126_def_6	2
Bacteria;Planctomycetota	gb1_def_6	2
Bacteria;Planctomycetota	gb1_f_def_6	833
Bacteria;Planctomycetota	gb278_def_6	2
Bacteria;Planctomycetota	gb2_2_def_6	2
Bacteria;Planctomycetota	gb2_f_def_6	715
Bacteria;Planctomycetota	gb305_def_6	3
Bacteria;Planctomycetota	gb3_2_def_6	1
Bacteria;Planctomycetota	gb3_f_def_6	726
Bacteria;Planctomycetota	gb5_2_def_6	1
Bacteria;Planctomycetota	gb5_6_f_def_6	827
Bacteria;Planctomycetota	gb6_def_6	3
Bacteria;Planctomycetota	gb8_2_def_6	3
Bacteria;Planctomycetota	gb9_def_6	3
Bacteria;Planctomycetota	gb9_f_def_6	717
Bacteria;Planctomycetota	sw_7def_6	115
Bacteria;Planctomycetota	sw_8def_6	72
Bacteria;Planctomycetota	sw_9def_6	86
Bacteria;Poribacteria	Aply16_def_6	713
Bacteria;Poribacteria	Aply21_def_6	813
Bacteria;Poribacteria	Aply22_def_6	1827
Bacteria;Poribacteria	Aply23_def_6	586
Bacteria;Poribacteria	Cr90_def_6	7
Bacteria;Poribacteria	Dys1_1_def_6	3
Bacteria;Poribacteria	Pf10_def_6	1646
Bacteria;Poribacteria	Pf11_def_6	1898
Bacteria;Poribacteria	Pf12_def_6	1730
Bacteria;Poribacteria	Pf4_def_6	2324
Bacteria;Poribacteria	Pf5_def_6	2304
Bacteria;Poribacteria	Pf6_def_6	2560
Bacteria;Poribacteria	Pf7_def_6	2582
Bacteria;Poribacteria	Pf8_def_6	2282
Bacteria;Poribacteria	Pf9_def_6	2126
Bacteria;Poribacteria	gb10_def_6	1770
Bacteria;Poribacteria	gb126_def_6	56
Bacteria;Poribacteria	gb1_def_6	1401
Bacteria;Poribacteria	gb1_f_def_6	6
Bacteria;Poribacteria	gb278_def_6	124
Bacteria;Poribacteria	gb2_2_def_6	1675
Bacteria;Poribacteria	gb2_f_def_6	4
Bacteria;Poribacteria	gb305_def_6	134
Bacteria;Poribacteria	gb3_2_def_6	1532
Bacteria;Poribacteria	gb4_2_def_6	1847
Bacteria;Poribacteria	gb5_2_def_6	1447
Bacteria;Poribacteria	gb5_6_f_def_6	1
Bacteria;Poribacteria	gb6_def_6	1505
Bacteria;Poribacteria	gb7_def_6	1401
Bacteria;Poribacteria	gb8_2_def_6	1206
Bacteria;Poribacteria	gb9_def_6	1488
Bacteria;Poribacteria	sw_7def_6	3
Bacteria;Poribacteria	sw_8def_6	1
Bacteria;Proteobacteria	Aply16_def_6	1249
Bacteria;Proteobacteria	Aply21_def_6	1197
Bacteria;Proteobacteria	Aply22_def_6	3785
Bacteria;Proteobacteria	Aply23_def_6	1112
Bacteria;Proteobacteria	Cr15_def_6	1561
Bacteria;Proteobacteria	Cr50_def_6	23266
Bacteria;Proteobacteria	Cr90_def_6	7532
Bacteria;Proteobacteria	Dys1_1_def_6	1236
Bacteria;Proteobacteria	Dys1_2_def_6	12172
Bacteria;Proteobacteria	Dys2_1_def_6	35255
Bacteria;Proteobacteria	Pf10_def_6	3313
Bacteria;Proteobacteria	Pf11_def_6	2594
Bacteria;Proteobacteria	Pf12_def_6	2812
Bacteria;Proteobacteria	Pf4_def_6	3845
Bacteria;Proteobacteria	Pf5_def_6	2977
Bacteria;Proteobacteria	Pf6_def_6	3757
Bacteria;Proteobacteria	Pf7_def_6	3389
Bacteria;Proteobacteria	Pf8_def_6	2764
Bacteria;Proteobacteria	Pf9_def_6	2802
Bacteria;Proteobacteria	gb10_def_6	1970
Bacteria;Proteobacteria	gb10_f_def_6	15408
Bacteria;Proteobacteria	gb126_def_6	2444
Bacteria;Proteobacteria	gb1_def_6	1639
Bacteria;Proteobacteria	gb1_f_def_6	14894
Bacteria;Proteobacteria	gb278_def_6	2702
Bacteria;Proteobacteria	gb2_2_def_6	1612
Bacteria;Proteobacteria	gb2_f_def_6	14466
Bacteria;Proteobacteria	gb305_def_6	2381
Bacteria;Proteobacteria	gb3_2_def_6	1791
Bacteria;Proteobacteria	gb3_f_def_6	15648
Bacteria;Proteobacteria	gb4_2_def_6	1711
Bacteria;Proteobacteria	gb5_2_def_6	1943
Bacteria;Proteobacteria	gb5_6_f_def_6	16256
Bacteria;Proteobacteria	gb6_def_6	1764
Bacteria;Proteobacteria	gb7_def_6	2150
Bacteria;Proteobacteria	gb8_2_def_6	2247
Bacteria;Proteobacteria	gb9_def_6	1911
Bacteria;Proteobacteria	gb9_f_def_6	13870
Bacteria;Proteobacteria	sw_7def_6	11735
Bacteria;Proteobacteria	sw_8def_6	15044
Bacteria;Proteobacteria	sw_9def_6	11001
Bacteria;RCP2-54	Aply16_def_6	1
Bacteria;RCP2-54	Aply23_def_6	1
Bacteria;RCP2-54	Cr50_def_6	9
Bacteria;RCP2-54	Cr90_def_6	7
Bacteria;RCP2-54	Dys2_1_def_6	2
Bacteria;RCP2-54	Pf9_def_6	1
Bacteria;RCP2-54	gb1_f_def_6	2
Bacteria;RCP2-54	gb2_2_def_6	1
Bacteria;RCP2-54	gb9_f_def_6	3
Bacteria;Rs-K70 termite group	Cr90_def_6	1
Bacteria;Rs-K70 termite group	Dys2_1_def_6	1
Bacteria;SAR324 clade(Marine group B)	Aply16_def_6	1
Bacteria;SAR324 clade(Marine group B)	Aply21_def_6	1
Bacteria;SAR324 clade(Marine group B)	Aply22_def_6	9
Bacteria;SAR324 clade(Marine group B)	Aply23_def_6	7
Bacteria;SAR324 clade(Marine group B)	Cr50_def_6	9
Bacteria;SAR324 clade(Marine group B)	Cr90_def_6	47
Bacteria;SAR324 clade(Marine group B)	Dys1_1_def_6	3
Bacteria;SAR324 clade(Marine group B)	Dys1_2_def_6	31
Bacteria;SAR324 clade(Marine group B)	Dys2_1_def_6	8
Bacteria;SAR324 clade(Marine group B)	Pf10_def_6	4
Bacteria;SAR324 clade(Marine group B)	Pf11_def_6	3
Bacteria;SAR324 clade(Marine group B)	Pf12_def_6	2
Bacteria;SAR324 clade(Marine group B)	Pf4_def_6	2
Bacteria;SAR324 clade(Marine group B)	Pf5_def_6	1
Bacteria;SAR324 clade(Marine group B)	Pf6_def_6	4
Bacteria;SAR324 clade(Marine group B)	Pf7_def_6	8
Bacteria;SAR324 clade(Marine group B)	Pf8_def_6	7
Bacteria;SAR324 clade(Marine group B)	Pf9_def_6	2
Bacteria;SAR324 clade(Marine group B)	gb10_def_6	11
Bacteria;SAR324 clade(Marine group B)	gb10_f_def_6	834
Bacteria;SAR324 clade(Marine group B)	gb126_def_6	8
Bacteria;SAR324 clade(Marine group B)	gb1_def_6	12
Bacteria;SAR324 clade(Marine group B)	gb1_f_def_6	716
Bacteria;SAR324 clade(Marine group B)	gb278_def_6	4
Bacteria;SAR324 clade(Marine group B)	gb2_2_def_6	17
Bacteria;SAR324 clade(Marine group B)	gb2_f_def_6	790
Bacteria;SAR324 clade(Marine group B)	gb305_def_6	9
Bacteria;SAR324 clade(Marine group B)	gb3_2_def_6	7
Bacteria;SAR324 clade(Marine group B)	gb3_f_def_6	774
Bacteria;SAR324 clade(Marine group B)	gb4_2_def_6	21
Bacteria;SAR324 clade(Marine group B)	gb5_2_def_6	5
Bacteria;SAR324 clade(Marine group B)	gb5_6_f_def_6	739
Bacteria;SAR324 clade(Marine group B)	gb6_def_6	9
Bacteria;SAR324 clade(Marine group B)	gb7_def_6	1
Bacteria;SAR324 clade(Marine group B)	gb8_2_def_6	13
Bacteria;SAR324 clade(Marine group B)	gb9_def_6	15
Bacteria;SAR324 clade(Marine group B)	gb9_f_def_6	718
Bacteria;SAR324 clade(Marine group B)	sw_7def_6	32
Bacteria;SAR324 clade(Marine group B)	sw_8def_6	6
Bacteria;SAR324 clade(Marine group B)	sw_9def_6	22
Bacteria;Schekmanbacteria	Cr90_def_6	3
Bacteria;Schekmanbacteria	Pf11_def_6	4
Bacteria;Schekmanbacteria	Pf7_def_6	2
Bacteria;Schekmanbacteria	Pf8_def_6	4
Bacteria;Schekmanbacteria	Pf9_def_6	1
Bacteria;Schekmanbacteria	gb10_def_6	7
Bacteria;Schekmanbacteria	gb126_def_6	10
Bacteria;Schekmanbacteria	gb1_def_6	4
Bacteria;Schekmanbacteria	gb278_def_6	11
Bacteria;Schekmanbacteria	gb2_2_def_6	10
Bacteria;Schekmanbacteria	gb2_f_def_6	1
Bacteria;Schekmanbacteria	gb305_def_6	17
Bacteria;Schekmanbacteria	gb3_2_def_6	11
Bacteria;Schekmanbacteria	gb4_2_def_6	6
Bacteria;Schekmanbacteria	gb5_2_def_6	9
Bacteria;Schekmanbacteria	gb5_6_f_def_6	1
Bacteria;Schekmanbacteria	gb6_def_6	3
Bacteria;Schekmanbacteria	gb7_def_6	5
Bacteria;Schekmanbacteria	gb8_2_def_6	7
Bacteria;Schekmanbacteria	gb9_def_6	4
Bacteria;Schekmanbacteria	sw_8def_6	1
Bacteria;Spirochaetota	Aply16_def_6	72
Bacteria;Spirochaetota	Aply21_def_6	66
Bacteria;Spirochaetota	Aply22_def_6	204
Bacteria;Spirochaetota	Aply23_def_6	61
Bacteria;Spirochaetota	Cr15_def_6	1
Bacteria;Spirochaetota	Cr50_def_6	5
Bacteria;Spirochaetota	Cr90_def_6	399
Bacteria;Spirochaetota	Dys1_1_def_6	21
Bacteria;Spirochaetota	Dys1_2_def_6	81
Bacteria;Spirochaetota	Dys2_1_def_6	62
Bacteria;Spirochaetota	Pf10_def_6	108
Bacteria;Spirochaetota	Pf11_def_6	141
Bacteria;Spirochaetota	Pf12_def_6	150
Bacteria;Spirochaetota	Pf4_def_6	198
Bacteria;Spirochaetota	Pf5_def_6	148
Bacteria;Spirochaetota	Pf6_def_6	210
Bacteria;Spirochaetota	Pf7_def_6	168
Bacteria;Spirochaetota	Pf8_def_6	131
Bacteria;Spirochaetota	Pf9_def_6	158
Bacteria;Spirochaetota	gb10_def_6	306
Bacteria;Spirochaetota	gb10_f_def_6	17
Bacteria;Spirochaetota	gb126_def_6	55
Bacteria;Spirochaetota	gb1_def_6	238
Bacteria;Spirochaetota	gb1_f_def_6	10
Bacteria;Spirochaetota	gb278_def_6	92
Bacteria;Spirochaetota	gb2_2_def_6	264
Bacteria;Spirochaetota	gb2_f_def_6	16
Bacteria;Spirochaetota	gb305_def_6	151
Bacteria;Spirochaetota	gb3_2_def_6	220
Bacteria;Spirochaetota	gb3_f_def_6	25
Bacteria;Spirochaetota	gb4_2_def_6	308
Bacteria;Spirochaetota	gb5_2_def_6	239
Bacteria;Spirochaetota	gb5_6_f_def_6	14
Bacteria;Spirochaetota	gb6_def_6	272
Bacteria;Spirochaetota	gb7_def_6	313
Bacteria;Spirochaetota	gb8_2_def_6	270
Bacteria;Spirochaetota	gb9_def_6	264
Bacteria;Spirochaetota	gb9_f_def_6	10
Bacteria;Spirochaetota	sw_7def_6	4
Bacteria;Spirochaetota	sw_8def_6	6
Bacteria;Spirochaetota	sw_9def_6	6
Bacteria;Sumerlaeota	Aply21_def_6	1
Bacteria;Sumerlaeota	Aply22_def_6	3
Bacteria;Sumerlaeota	Cr90_def_6	32
Bacteria;Sumerlaeota	Dys1_1_def_6	2
Bacteria;Sumerlaeota	Dys1_2_def_6	11
Bacteria;Sumerlaeota	Dys2_1_def_6	6
Bacteria;Sumerlaeota	Pf10_def_6	1
Bacteria;Sumerlaeota	Pf11_def_6	4
Bacteria;Sumerlaeota	Pf12_def_6	2
Bacteria;Sumerlaeota	Pf4_def_6	1
Bacteria;Sumerlaeota	Pf6_def_6	3
Bacteria;Sumerlaeota	Pf7_def_6	2
Bacteria;Sumerlaeota	Pf8_def_6	2
Bacteria;Sumerlaeota	Pf9_def_6	1
Bacteria;Sumerlaeota	sw_7def_6	2
Bacteria;Sumerlaeota	sw_8def_6	1
Bacteria;Sumerlaeota	sw_9def_6	3
Bacteria;Sva0485	Aply22_def_6	3
Bacteria;Sva0485	Cr90_def_6	18
Bacteria;Sva0485	Dys1_1_def_6	1
Bacteria;Sva0485	Dys1_2_def_6	308
Bacteria;Sva0485	Dys2_1_def_6	258
Bacteria;Sva0485	Pf10_def_6	2
Bacteria;Sva0485	Pf5_def_6	3
Bacteria;Sva0485	Pf8_def_6	1
Bacteria;Sva0485	gb10_f_def_6	1
Bacteria;Sva0485	gb278_def_6	1
Bacteria;Sva0485	gb3_2_def_6	1
Bacteria;Sva0485	gb3_f_def_6	1
Bacteria;Sva0485	gb7_def_6	1
Bacteria;Sva0485	sw_8def_6	1
Bacteria;Synergistota	Aply21_def_6	2
Bacteria;Synergistota	Aply22_def_6	4
Bacteria;Synergistota	Cr90_def_6	41
Bacteria;Synergistota	Dys1_2_def_6	3
Bacteria;Synergistota	Dys2_1_def_6	3
Bacteria;Synergistota	Pf6_def_6	1
Bacteria;Synergistota	Pf9_def_6	1
Bacteria;Synergistota	gb6_def_6	1
Bacteria;Synergistota	sw_8def_6	1
Bacteria;TA06	Aply23_def_6	1
Bacteria;TA06	Cr90_def_6	12
Bacteria;TA06	Dys1_1_def_6	1
Bacteria;TA06	Dys1_2_def_6	1
Bacteria;TA06	Dys2_1_def_6	1
Bacteria;TA06	Pf7_def_6	1
Bacteria;TX1A-33	Cr90_def_6	1
Bacteria;Thermodesulfobiota	Dys1_2_def_6	1
Bacteria;Thermosulfidibacterota	Cr90_def_6	1
Bacteria;Thermotogota	Aply22_def_6	3
Bacteria;Thermotogota	Aply23_def_6	1
Bacteria;Thermotogota	Cr90_def_6	84
Bacteria;Thermotogota	Dys2_1_def_6	3
Bacteria;Thermotogota	gb3_2_def_6	2
Bacteria;Thermotogota	gb6_def_6	1
Bacteria;Thermotogota	sw_7def_6	2
Bacteria;Thermotogota	sw_9def_6	1
Bacteria;Verrucomicrobiota	Aply16_def_6	4
Bacteria;Verrucomicrobiota	Aply21_def_6	13
Bacteria;Verrucomicrobiota	Aply22_def_6	39
Bacteria;Verrucomicrobiota	Aply23_def_6	14
Bacteria;Verrucomicrobiota	Cr15_def_6	269
Bacteria;Verrucomicrobiota	Cr50_def_6	131
Bacteria;Verrucomicrobiota	Cr90_def_6	758
Bacteria;Verrucomicrobiota	Dys1_1_def_6	27
Bacteria;Verrucomicrobiota	Dys1_2_def_6	522
Bacteria;Verrucomicrobiota	Dys2_1_def_6	491
Bacteria;Verrucomicrobiota	Pf10_def_6	302
Bacteria;Verrucomicrobiota	Pf11_def_6	308
Bacteria;Verrucomicrobiota	Pf12_def_6	317
Bacteria;Verrucomicrobiota	Pf4_def_6	246
Bacteria;Verrucomicrobiota	Pf5_def_6	287
Bacteria;Verrucomicrobiota	Pf6_def_6	197
Bacteria;Verrucomicrobiota	Pf7_def_6	291
Bacteria;Verrucomicrobiota	Pf8_def_6	347
Bacteria;Verrucomicrobiota	Pf9_def_6	67
Bacteria;Verrucomicrobiota	gb10_def_6	27
Bacteria;Verrucomicrobiota	gb10_f_def_6	708
Bacteria;Verrucomicrobiota	gb126_def_6	17
Bacteria;Verrucomicrobiota	gb1_def_6	23
Bacteria;Verrucomicrobiota	gb1_f_def_6	616
Bacteria;Verrucomicrobiota	gb278_def_6	27
Bacteria;Verrucomicrobiota	gb2_2_def_6	29
Bacteria;Verrucomicrobiota	gb2_f_def_6	578
Bacteria;Verrucomicrobiota	gb305_def_6	73
Bacteria;Verrucomicrobiota	gb3_2_def_6	39
Bacteria;Verrucomicrobiota	gb3_f_def_6	587
Bacteria;Verrucomicrobiota	gb4_2_def_6	17
Bacteria;Verrucomicrobiota	gb5_2_def_6	10
Bacteria;Verrucomicrobiota	gb5_6_f_def_6	632
Bacteria;Verrucomicrobiota	gb6_def_6	18
Bacteria;Verrucomicrobiota	gb7_def_6	35
Bacteria;Verrucomicrobiota	gb8_2_def_6	14
Bacteria;Verrucomicrobiota	gb9_def_6	34
Bacteria;Verrucomicrobiota	gb9_f_def_6	507
Bacteria;Verrucomicrobiota	sw_7def_6	281
Bacteria;Verrucomicrobiota	sw_8def_6	153
Bacteria;Verrucomicrobiota	sw_9def_6	213
Bacteria;WOR-1	Cr90_def_6	2
Bacteria;WPS-2	Cr50_def_6	1
Bacteria;WPS-2	Cr90_def_6	4
Bacteria;WPS-2	Dys1_1_def_6	1
Bacteria;WPS-2	Dys1_2_def_6	15
Bacteria;WPS-2	gb10_f_def_6	11
Bacteria;WPS-2	gb1_f_def_6	1
Bacteria;WPS-2	gb2_f_def_6	1
Bacteria;WPS-2	gb3_f_def_6	3
Bacteria;WPS-2	gb5_6_f_def_6	4
Bacteria;WPS-2	gb9_f_def_6	3
Bacteria;WS1	Aply21_def_6	1
Bacteria;WS1	Aply22_def_6	1
Bacteria;WS1	Cr90_def_6	9
Bacteria;WS1	Dys1_2_def_6	2
Bacteria;WS1	Dys2_1_def_6	4
Bacteria;WS1	gb4_2_def_6	1
Bacteria;WS2	Cr90_def_6	10
Bacteria;WS2	Dys2_1_def_6	10
Bacteria;WS4	Aply23_def_6	2
Bacteria;WS4	Cr90_def_6	3
Bacteria;Zixibacteria	Aply22_def_6	2
Bacteria;Zixibacteria	Cr50_def_6	1
Bacteria;Zixibacteria	Cr90_def_6	34
Bacteria;Zixibacteria	Dys1_1_def_6	1
Bacteria;Zixibacteria	Dys1_2_def_6	6
Bacteria;Zixibacteria	Dys2_1_def_6	1
Bacteria;Zixibacteria	Pf10_def_6	1
Bacteria;Zixibacteria	Pf9_def_6	1
Bacteria;Zixibacteria	gb2_f_def_6	1
Bacteria;Zixibacteria	sw_9def_6	1
Bacteria;uncultured	Cr90_def_6	1
Bacteria;uncultured	Pf7_def_6	1
Eukaryota;(Eukaryota)	Aply16_def_6	107
Eukaryota;(Eukaryota)	Aply21_def_6	43
Eukaryota;(Eukaryota)	Aply22_def_6	930
Eukaryota;(Eukaryota)	Aply23_def_6	160
Eukaryota;(Eukaryota)	Cr15_def_6	1224
Eukaryota;(Eukaryota)	Cr50_def_6	46
Eukaryota;(Eukaryota)	Cr90_def_6	1421
Eukaryota;(Eukaryota)	Dys1_1_def_6	6321
Eukaryota;(Eukaryota)	Dys1_2_def_6	1527
Eukaryota;(Eukaryota)	Dys2_1_def_6	7148
Eukaryota;(Eukaryota)	Pf10_def_6	22
Eukaryota;(Eukaryota)	Pf11_def_6	19
Eukaryota;(Eukaryota)	Pf12_def_6	29
Eukaryota;(Eukaryota)	Pf4_def_6	32
Eukaryota;(Eukaryota)	Pf5_def_6	26
Eukaryota;(Eukaryota)	Pf6_def_6	38
Eukaryota;(Eukaryota)	Pf7_def_6	30
Eukaryota;(Eukaryota)	Pf8_def_6	33
Eukaryota;(Eukaryota)	Pf9_def_6	16
Eukaryota;(Eukaryota)	gb10_def_6	23
Eukaryota;(Eukaryota)	gb10_f_def_6	239
Eukaryota;(Eukaryota)	gb126_def_6	6
Eukaryota;(Eukaryota)	gb1_def_6	11
Eukaryota;(Eukaryota)	gb1_f_def_6	183
Eukaryota;(Eukaryota)	gb278_def_6	4
Eukaryota;(Eukaryota)	gb2_2_def_6	21
Eukaryota;(Eukaryota)	gb2_f_def_6	227
Eukaryota;(Eukaryota)	gb305_def_6	11
Eukaryota;(Eukaryota)	gb3_2_def_6	13
Eukaryota;(Eukaryota)	gb3_f_def_6	204
Eukaryota;(Eukaryota)	gb4_2_def_6	16
Eukaryota;(Eukaryota)	gb5_2_def_6	26
Eukaryota;(Eukaryota)	gb5_6_f_def_6	279
Eukaryota;(Eukaryota)	gb6_def_6	27
Eukaryota;(Eukaryota)	gb7_def_6	17
Eukaryota;(Eukaryota)	gb8_2_def_6	30
Eukaryota;(Eukaryota)	gb9_def_6	20
Eukaryota;(Eukaryota)	gb9_f_def_6	186
Eukaryota;(Eukaryota)	sw_7def_6	215
Eukaryota;(Eukaryota)	sw_8def_6	130
Eukaryota;(Eukaryota)	sw_9def_6	273
Eukaryota;Amorphea	Aply16_def_6	1478
Eukaryota;Amorphea	Aply21_def_6	752
Eukaryota;Amorphea	Aply22_def_6	12928
Eukaryota;Amorphea	Aply23_def_6	2353
Eukaryota;Amorphea	Cr15_def_6	15659
Eukaryota;Amorphea	Cr50_def_6	6239
Eukaryota;Amorphea	Cr90_def_6	13009
Eukaryota;Amorphea	Dys1_1_def_6	53185
Eukaryota;Amorphea	Dys1_2_def_6	16724
Eukaryota;Amorphea	Dys2_1_def_6	65343
Eukaryota;Amorphea	Pf10_def_6	4302
Eukaryota;Amorphea	Pf11_def_6	3802
Eukaryota;Amorphea	Pf12_def_6	4575
Eukaryota;Amorphea	Pf4_def_6	5818
Eukaryota;Amorphea	Pf5_def_6	4194
Eukaryota;Amorphea	Pf6_def_6	8655
Eukaryota;Amorphea	Pf7_def_6	5083
Eukaryota;Amorphea	Pf8_def_6	4986
Eukaryota;Amorphea	Pf9_def_6	3032
Eukaryota;Amorphea	gb10_def_6	6221
Eukaryota;Amorphea	gb10_f_def_6	1400
Eukaryota;Amorphea	gb126_def_6	1566
Eukaryota;Amorphea	gb1_def_6	3105
Eukaryota;Amorphea	gb1_f_def_6	677
Eukaryota;Amorphea	gb278_def_6	2102
Eukaryota;Amorphea	gb2_2_def_6	6872
Eukaryota;Amorphea	gb2_f_def_6	1024
Eukaryota;Amorphea	gb305_def_6	2746
Eukaryota;Amorphea	gb3_2_def_6	1911
Eukaryota;Amorphea	gb3_f_def_6	604
Eukaryota;Amorphea	gb4_2_def_6	5184
Eukaryota;Amorphea	gb5_2_def_6	5559
Eukaryota;Amorphea	gb5_6_f_def_6	929
Eukaryota;Amorphea	gb6_def_6	6740
Eukaryota;Amorphea	gb7_def_6	6055
Eukaryota;Amorphea	gb8_2_def_6	6971
Eukaryota;Amorphea	gb9_def_6	3419
Eukaryota;Amorphea	gb9_f_def_6	2397
Eukaryota;Amorphea	sw_7def_6	4488
Eukaryota;Amorphea	sw_8def_6	5960
Eukaryota;Amorphea	sw_9def_6	11056
Eukaryota;Archaeplastida	Aply16_def_6	158
Eukaryota;Archaeplastida	Aply21_def_6	80
Eukaryota;Archaeplastida	Aply22_def_6	1498
Eukaryota;Archaeplastida	Aply23_def_6	248
Eukaryota;Archaeplastida	Cr15_def_6	3206
Eukaryota;Archaeplastida	Cr50_def_6	456
Eukaryota;Archaeplastida	Cr90_def_6	10634
Eukaryota;Archaeplastida	Dys1_1_def_6	4815
Eukaryota;Archaeplastida	Dys1_2_def_6	1830
Eukaryota;Archaeplastida	Dys2_1_def_6	5917
Eukaryota;Archaeplastida	Pf10_def_6	31
Eukaryota;Archaeplastida	Pf11_def_6	25
Eukaryota;Archaeplastida	Pf12_def_6	35
Eukaryota;Archaeplastida	Pf4_def_6	48
Eukaryota;Archaeplastida	Pf5_def_6	46
Eukaryota;Archaeplastida	Pf6_def_6	51
Eukaryota;Archaeplastida	Pf7_def_6	29
Eukaryota;Archaeplastida	Pf8_def_6	45
Eukaryota;Archaeplastida	Pf9_def_6	11
Eukaryota;Archaeplastida	gb10_def_6	122
Eukaryota;Archaeplastida	gb10_f_def_6	112
Eukaryota;Archaeplastida	gb126_def_6	13
Eukaryota;Archaeplastida	gb1_def_6	30
Eukaryota;Archaeplastida	gb1_f_def_6	39
Eukaryota;Archaeplastida	gb278_def_6	16
Eukaryota;Archaeplastida	gb2_2_def_6	48
Eukaryota;Archaeplastida	gb2_f_def_6	57
Eukaryota;Archaeplastida	gb305_def_6	19
Eukaryota;Archaeplastida	gb3_2_def_6	48
Eukaryota;Archaeplastida	gb3_f_def_6	103
Eukaryota;Archaeplastida	gb4_2_def_6	59
Eukaryota;Archaeplastida	gb5_2_def_6	55
Eukaryota;Archaeplastida	gb5_6_f_def_6	98
Eukaryota;Archaeplastida	gb6_def_6	67
Eukaryota;Archaeplastida	gb7_def_6	80
Eukaryota;Archaeplastida	gb8_2_def_6	32
Eukaryota;Archaeplastida	gb9_def_6	23
Eukaryota;Archaeplastida	gb9_f_def_6	96
Eukaryota;Archaeplastida	sw_7def_6	194
Eukaryota;Archaeplastida	sw_8def_6	132
Eukaryota;Archaeplastida	sw_9def_6	233
Eukaryota;Ciliophrys infusionum	Cr90_def_6	1
Eukaryota;Ciliophrys infusionum	gb6_def_6	1
Eukaryota;Cryptophyceae	Aply22_def_6	2
Eukaryota;Cryptophyceae	Cr15_def_6	4
Eukaryota;Cryptophyceae	Cr50_def_6	4
Eukaryota;Cryptophyceae	Cr90_def_6	45
Eukaryota;Cryptophyceae	Dys1_1_def_6	58
Eukaryota;Cryptophyceae	Dys1_2_def_6	24
Eukaryota;Cryptophyceae	Dys2_1_def_6	78
Eukaryota;Cryptophyceae	gb10_f_def_6	13
Eukaryota;Cryptophyceae	gb1_f_def_6	15
Eukaryota;Cryptophyceae	gb2_f_def_6	13
Eukaryota;Cryptophyceae	gb3_f_def_6	11
Eukaryota;Cryptophyceae	gb5_6_f_def_6	10
Eukaryota;Cryptophyceae	gb9_f_def_6	9
Eukaryota;Cryptophyceae	sw_7def_6	20
Eukaryota;Cryptophyceae	sw_8def_6	9
Eukaryota;Cryptophyceae	sw_9def_6	24
Eukaryota;Discoba	Aply21_def_6	6
Eukaryota;Discoba	Aply22_def_6	20
Eukaryota;Discoba	Aply23_def_6	6
Eukaryota;Discoba	Cr50_def_6	11
Eukaryota;Discoba	Cr90_def_6	415
Eukaryota;Discoba	Dys1_1_def_6	20
Eukaryota;Discoba	Dys1_2_def_6	32
Eukaryota;Discoba	Dys2_1_def_6	47
Eukaryota;Discoba	gb10_f_def_6	329
Eukaryota;Discoba	gb1_f_def_6	331
Eukaryota;Discoba	gb2_f_def_6	409
Eukaryota;Discoba	gb305_def_6	2
Eukaryota;Discoba	gb3_f_def_6	423
Eukaryota;Discoba	gb5_6_f_def_6	219
Eukaryota;Discoba	gb8_2_def_6	1
Eukaryota;Discoba	gb9_def_6	1
Eukaryota;Discoba	gb9_f_def_6	268
Eukaryota;Discoba	sw_7def_6	13
Eukaryota;Discoba	sw_8def_6	4
Eukaryota;Discoba	sw_9def_6	13
Eukaryota;Eukaryota sp. EH-2015	Cr90_def_6	3
Eukaryota;Excavata	Aply21_def_6	4
Eukaryota;Excavata	Aply22_def_6	8
Eukaryota;Excavata	Aply23_def_6	1
Eukaryota;Excavata	Cr90_def_6	93
Eukaryota;Excavata	Dys1_1_def_6	7
Eukaryota;Excavata	Dys1_2_def_6	79
Eukaryota;Excavata	Dys2_1_def_6	14
Eukaryota;Excavata	sw_7def_6	1
Eukaryota;Excavata	sw_8def_6	2
Eukaryota;Excavata	sw_9def_6	2
Eukaryota;Haptophyta	Aply21_def_6	2
Eukaryota;Haptophyta	Aply22_def_6	6
Eukaryota;Haptophyta	Aply23_def_6	1
Eukaryota;Haptophyta	Cr50_def_6	1
Eukaryota;Haptophyta	Cr90_def_6	34
Eukaryota;Haptophyta	Dys1_1_def_6	13
Eukaryota;Haptophyta	Dys1_2_def_6	3
Eukaryota;Haptophyta	Dys2_1_def_6	66
Eukaryota;Haptophyta	Pf10_def_6	1
Eukaryota;Haptophyta	gb10_f_def_6	23
Eukaryota;Haptophyta	gb1_f_def_6	22
Eukaryota;Haptophyta	gb2_f_def_6	25
Eukaryota;Haptophyta	gb3_f_def_6	11
Eukaryota;Haptophyta	gb5_6_f_def_6	27
Eukaryota;Haptophyta	gb9_f_def_6	18
Eukaryota;Haptophyta	sw_7def_6	240
Eukaryota;Haptophyta	sw_8def_6	134
Eukaryota;Haptophyta	sw_9def_6	218
Eukaryota;Incertae Sedis	Aply16_def_6	1
Eukaryota;Incertae Sedis	Aply22_def_6	1
Eukaryota;Incertae Sedis	Cr15_def_6	10
Eukaryota;Incertae Sedis	Cr50_def_6	1
Eukaryota;Incertae Sedis	Cr90_def_6	10
Eukaryota;Incertae Sedis	Dys1_2_def_6	4
Eukaryota;Incertae Sedis	Dys2_1_def_6	2
Eukaryota;Incertae Sedis	gb10_def_6	1
Eukaryota;Incertae Sedis	gb10_f_def_6	14
Eukaryota;Incertae Sedis	gb1_f_def_6	7
Eukaryota;Incertae Sedis	gb2_f_def_6	15
Eukaryota;Incertae Sedis	gb3_f_def_6	8
Eukaryota;Incertae Sedis	gb5_6_f_def_6	12
Eukaryota;Incertae Sedis	gb9_f_def_6	7
Eukaryota;Incertae Sedis	sw_7def_6	10
Eukaryota;Incertae Sedis	sw_8def_6	5
Eukaryota;Incertae Sedis	sw_9def_6	4
Eukaryota;NAMAKO-1	Cr90_def_6	1
Eukaryota;Picozoa	Aply22_def_6	1
Eukaryota;Picozoa	Cr50_def_6	1
Eukaryota;Picozoa	Cr90_def_6	2
Eukaryota;Picozoa	gb10_f_def_6	49
Eukaryota;Picozoa	gb1_f_def_6	41
Eukaryota;Picozoa	gb2_f_def_6	28
Eukaryota;Picozoa	gb3_f_def_6	31
Eukaryota;Picozoa	gb5_6_f_def_6	31
Eukaryota;Picozoa	gb9_f_def_6	27
Eukaryota;Picozoa	sw_7def_6	1
Eukaryota;Picozoa	sw_8def_6	2
Eukaryota;Picozoa	sw_9def_6	5
Eukaryota;SA1-3C06	gb10_f_def_6	1
Eukaryota;SAR	Aply16_def_6	3
Eukaryota;SAR	Aply21_def_6	27
Eukaryota;SAR	Aply22_def_6	235
Eukaryota;SAR	Aply23_def_6	60
Eukaryota;SAR	Cr15_def_6	185
Eukaryota;SAR	Cr50_def_6	582
Eukaryota;SAR	Cr90_def_6	2277
Eukaryota;SAR	Dys1_1_def_6	641
Eukaryota;SAR	Dys1_2_def_6	1329
Eukaryota;SAR	Dys2_1_def_6	833
Eukaryota;SAR	Pf10_def_6	5
Eukaryota;SAR	Pf11_def_6	3
Eukaryota;SAR	Pf12_def_6	5
Eukaryota;SAR	Pf4_def_6	6
Eukaryota;SAR	Pf5_def_6	5
Eukaryota;SAR	Pf6_def_6	8
Eukaryota;SAR	Pf7_def_6	9
Eukaryota;SAR	Pf8_def_6	5
Eukaryota;SAR	Pf9_def_6	2
Eukaryota;SAR	gb10_def_6	4
Eukaryota;SAR	gb10_f_def_6	3921
Eukaryota;SAR	gb126_def_6	8
Eukaryota;SAR	gb1_f_def_6	2915
Eukaryota;SAR	gb278_def_6	2
Eukaryota;SAR	gb2_2_def_6	4
Eukaryota;SAR	gb2_f_def_6	3651
Eukaryota;SAR	gb305_def_6	10
Eukaryota;SAR	gb3_2_def_6	12
Eukaryota;SAR	gb3_f_def_6	3377
Eukaryota;SAR	gb4_2_def_6	3
Eukaryota;SAR	gb5_2_def_6	4
Eukaryota;SAR	gb5_6_f_def_6	3410
Eukaryota;SAR	gb6_def_6	5
Eukaryota;SAR	gb7_def_6	5
Eukaryota;SAR	gb8_2_def_6	10
Eukaryota;SAR	gb9_def_6	5
Eukaryota;SAR	gb9_f_def_6	2866
Eukaryota;SAR	sw_7def_6	1217
Eukaryota;SAR	sw_8def_6	416
Eukaryota;SAR	sw_9def_6	1079
Eukaryota;uncultured	Cr90_def_6	1
Eukaryota;uncultured	gb10_f_def_6	4
Eukaryota;uncultured	gb2_f_def_6	2
Eukaryota;uncultured Entamoeba	Cr90_def_6	2
